original,new
test/UR1010-15-100-page-020_10.jpg,0000.jpg
test/UR1010-15-100-page-020_11.jpg,0001.jpg
test/UR1010-15-100-page-020_12.jpg,0002.jpg
test/UR1010-15-100-page-020_13.jpg,0003.jpg
test/UR1010-15-100-page-020_14.jpg,0004.jpg
test/UR1010-15-100-page-020_15.jpg,0005.jpg
test/UR1010-15-100-page-020_16.jpg,0006.jpg
test/UR1010-15-100-page-020_18.jpg,0007.jpg
test/UR1010-15-100-page-020_19.jpg,0008.jpg
test/UR1010-15-100-page-020_2.jpg,0009.jpg
test/UR1010-15-100-page-020_20.jpg,0010.jpg
test/UR1010-15-100-page-020_21.jpg,0011.jpg
test/UR1010-15-100-page-020_3.jpg,0012.jpg
test/UR1010-15-100-page-020_4.jpg,0013.jpg
test/UR1010-15-100-page-020_5.jpg,0014.jpg
test/UR1010-15-100-page-020_6.jpg,0015.jpg
test/UR1010-15-100-page-020_7.jpg,0016.jpg
test/UR1010-15-100-page-020_8.jpg,0017.jpg
test/UR1010-15-100-page-020_9.jpg,0018.jpg
test/UR1010-15-100-page-021_10.jpg,0019.jpg
test/UR1010-15-100-page-021_11.jpg,0020.jpg
test/UR1010-15-100-page-021_12.jpg,0021.jpg
test/UR1010-15-100-page-021_17.jpg,0022.jpg
test/UR1010-15-100-page-021_18.jpg,0023.jpg
test/UR1010-15-100-page-021_2.jpg,0024.jpg
test/UR1010-15-100-page-021_20.jpg,0025.jpg
test/UR1010-15-100-page-021_21.jpg,0026.jpg
test/UR1010-15-100-page-021_22.jpg,0027.jpg
test/UR1010-15-100-page-021_23.jpg,0028.jpg
test/UR1010-15-100-page-021_24.jpg,0029.jpg
test/UR1010-15-100-page-021_3.jpg,0030.jpg
test/UR1010-15-100-page-021_4.jpg,0031.jpg
test/UR1010-15-100-page-021_5.jpg,0032.jpg
test/UR1010-15-100-page-021_7.jpg,0033.jpg
test/UR1010-15-100-page-021_9.jpg,0034.jpg
test/UR1010-15-100-page-023_10.jpg,0035.jpg
test/UR1010-15-100-page-023_11.jpg,0036.jpg
test/UR1010-15-100-page-023_12.jpg,0037.jpg
test/UR1010-15-100-page-023_13.jpg,0038.jpg
test/UR1010-15-100-page-023_14.jpg,0039.jpg
test/UR1010-15-100-page-023_15.jpg,0040.jpg
test/UR1010-15-100-page-023_16.jpg,0041.jpg
test/UR1010-15-100-page-023_17.jpg,0042.jpg
test/UR1010-15-100-page-023_18.jpg,0043.jpg
test/UR1010-15-100-page-023_19.jpg,0044.jpg
test/UR1010-15-100-page-023_20.jpg,0045.jpg
test/UR1010-15-100-page-023_21.jpg,0046.jpg
test/UR1010-15-100-page-023_3.jpg,0047.jpg
test/UR1010-15-100-page-023_4.jpg,0048.jpg
test/UR1010-15-100-page-023_5.jpg,0049.jpg
test/UR1010-15-100-page-023_6.jpg,0050.jpg
test/UR1010-15-100-page-023_7.jpg,0051.jpg
test/UR1010-15-100-page-023_8.jpg,0052.jpg
test/UR1010-15-100-page-023_9.jpg,0053.jpg
test/UR1010-15-100-page-024_1.jpg,0054.jpg
test/UR1010-15-100-page-024_10.jpg,0055.jpg
test/UR1010-15-100-page-024_11.jpg,0056.jpg
test/UR1010-15-100-page-024_12.jpg,0057.jpg
test/UR1010-15-100-page-024_14.jpg,0058.jpg
test/UR1010-15-100-page-024_15.jpg,0059.jpg
test/UR1010-15-100-page-024_23.jpg,0060.jpg
test/UR1010-15-100-page-024_24.jpg,0061.jpg
test/UR1010-15-100-page-024_26.jpg,0062.jpg
test/UR1010-15-100-page-024_29.jpg,0063.jpg
test/UR1010-15-100-page-024_30.jpg,0064.jpg
test/UR1010-15-100-page-024_31.jpg,0065.jpg
test/UR1010-15-100-page-024_32.jpg,0066.jpg
test/UR1010-15-100-page-024_33.jpg,0067.jpg
test/UR1010-15-100-page-024_4.jpg,0068.jpg
test/UR1010-15-100-page-024_7.jpg,0069.jpg
test/UR1010-15-100-page-024_8.jpg,0070.jpg
test/UR1010-15-100-page-025_1.jpg,0071.jpg
test/UR1010-15-100-page-025_10.jpg,0072.jpg
test/UR1010-15-100-page-025_11.jpg,0073.jpg
test/UR1010-15-100-page-025_12.jpg,0074.jpg
test/UR1010-15-100-page-025_13.jpg,0075.jpg
test/UR1010-15-100-page-025_14.jpg,0076.jpg
test/UR1010-15-100-page-025_15.jpg,0077.jpg
test/UR1010-15-100-page-025_16.jpg,0078.jpg
test/UR1010-15-100-page-025_17.jpg,0079.jpg
test/UR1010-15-100-page-025_18.jpg,0080.jpg
test/UR1010-15-100-page-025_19.jpg,0081.jpg
test/UR1010-15-100-page-025_2.jpg,0082.jpg
test/UR1010-15-100-page-025_20.jpg,0083.jpg
test/UR1010-15-100-page-025_21.jpg,0084.jpg
test/UR1010-15-100-page-025_3.jpg,0085.jpg
test/UR1010-15-100-page-025_4.jpg,0086.jpg
test/UR1010-15-100-page-025_5.jpg,0087.jpg
test/UR1010-15-100-page-025_6.jpg,0088.jpg
test/UR1010-15-100-page-025_7.jpg,0089.jpg
test/UR1010-15-100-page-025_8.jpg,0090.jpg
test/UR1010-15-100-page-025_9.jpg,0091.jpg
test/UR1010-15-100-page-026_10.jpg,0092.jpg
test/UR1010-15-100-page-026_11.jpg,0093.jpg
test/UR1010-15-100-page-026_12.jpg,0094.jpg
test/UR1010-15-100-page-026_13.jpg,0095.jpg
test/UR1010-15-100-page-026_14.jpg,0096.jpg
test/UR1010-15-100-page-026_15.jpg,0097.jpg
test/UR1010-15-100-page-026_16.jpg,0098.jpg
test/UR1010-15-100-page-026_17.jpg,0099.jpg
test/UR1010-15-100-page-026_18.jpg,0100.jpg
test/UR1010-15-100-page-026_19.jpg,0101.jpg
test/UR1010-15-100-page-026_20.jpg,0102.jpg
test/UR1010-15-100-page-026_21.jpg,0103.jpg
test/UR1010-15-100-page-026_4.jpg,0104.jpg
test/UR1010-15-100-page-026_5.jpg,0105.jpg
test/UR1010-15-100-page-026_6.jpg,0106.jpg
test/UR1010-15-100-page-026_7.jpg,0107.jpg
test/UR1010-15-100-page-026_8.jpg,0108.jpg
test/UR1010-15-100-page-026_9.jpg,0109.jpg
test/UR1010-15-100-page-027_1.jpg,0110.jpg
test/UR1010-15-100-page-027_11.jpg,0111.jpg
test/UR1010-15-100-page-027_20.jpg,0112.jpg
test/UR1010-15-100-page-027_21.jpg,0113.jpg
test/UR1010-15-100-page-027_22.jpg,0114.jpg
test/UR1010-15-100-page-027_23.jpg,0115.jpg
test/UR1010-15-100-page-027_24.jpg,0116.jpg
test/UR1010-15-100-page-027_25.jpg,0117.jpg
test/UR1010-15-100-page-027_26.jpg,0118.jpg
test/UR1010-15-100-page-027_27.jpg,0119.jpg
test/UR1010-15-100-page-027_28.jpg,0120.jpg
test/UR1010-15-100-page-027_29.jpg,0121.jpg
test/UR1010-15-100-page-027_30.jpg,0122.jpg
test/UR1010-15-100-page-027_31.jpg,0123.jpg
test/UR1010-15-100-page-027_32.jpg,0124.jpg
test/UR1010-15-100-page-027_33.jpg,0125.jpg
test/UR1010-15-100-page-027_35.jpg,0126.jpg
test/UR1010-15-100-page-027_36.jpg,0127.jpg
test/UR1010-15-100-page-027_37.jpg,0128.jpg
test/UR1010-15-100-page-027_4.jpg,0129.jpg
test/UR1010-15-100-page-027_7.jpg,0130.jpg
test/UR1010-15-100-page-028_10.jpg,0131.jpg
test/UR1010-15-100-page-028_11.jpg,0132.jpg
test/UR1010-15-100-page-028_12.jpg,0133.jpg
test/UR1010-15-100-page-028_13.jpg,0134.jpg
test/UR1010-15-100-page-028_14.jpg,0135.jpg
test/UR1010-15-100-page-028_15.jpg,0136.jpg
test/UR1010-15-100-page-028_16.jpg,0137.jpg
test/UR1010-15-100-page-028_17.jpg,0138.jpg
test/UR1010-15-100-page-028_18.jpg,0139.jpg
test/UR1010-15-100-page-028_19.jpg,0140.jpg
test/UR1010-15-100-page-028_2.jpg,0141.jpg
test/UR1010-15-100-page-028_20.jpg,0142.jpg
test/UR1010-15-100-page-028_22.jpg,0143.jpg
test/UR1010-15-100-page-028_3.jpg,0144.jpg
test/UR1010-15-100-page-028_4.jpg,0145.jpg
test/UR1010-15-100-page-028_5.jpg,0146.jpg
test/UR1010-15-100-page-028_6.jpg,0147.jpg
test/UR1010-15-100-page-028_7.jpg,0148.jpg
test/UR1010-15-100-page-028_8.jpg,0149.jpg
test/UR1010-15-100-page-028_9.jpg,0150.jpg
test/UR1010-15-100-page-030_10.jpg,0151.jpg
test/UR1010-15-100-page-030_11.jpg,0152.jpg
test/UR1010-15-100-page-030_12.jpg,0153.jpg
test/UR1010-15-100-page-030_13.jpg,0154.jpg
test/UR1010-15-100-page-030_14.jpg,0155.jpg
test/UR1010-15-100-page-030_15.jpg,0156.jpg
test/UR1010-15-100-page-030_16.jpg,0157.jpg
test/UR1010-15-100-page-030_17.jpg,0158.jpg
test/UR1010-15-100-page-030_18.jpg,0159.jpg
test/UR1010-15-100-page-030_19.jpg,0160.jpg
test/UR1010-15-100-page-030_20.jpg,0161.jpg
test/UR1010-15-100-page-030_21.jpg,0162.jpg
test/UR1010-15-100-page-030_22.jpg,0163.jpg
test/UR1010-15-100-page-030_3.jpg,0164.jpg
test/UR1010-15-100-page-030_4.jpg,0165.jpg
test/UR1010-15-100-page-030_5.jpg,0166.jpg
test/UR1010-15-100-page-030_6.jpg,0167.jpg
test/UR1010-15-100-page-030_7.jpg,0168.jpg
test/UR1010-15-100-page-030_8.jpg,0169.jpg
test/UR1010-15-100-page-030_9.jpg,0170.jpg
test/UR1010-15-100-page-031_10.jpg,0171.jpg
test/UR1010-15-100-page-031_11.jpg,0172.jpg
test/UR1010-15-100-page-031_12.jpg,0173.jpg
test/UR1010-15-100-page-031_13.jpg,0174.jpg
test/UR1010-15-100-page-031_14.jpg,0175.jpg
test/UR1010-15-100-page-031_15.jpg,0176.jpg
test/UR1010-15-100-page-031_16.jpg,0177.jpg
test/UR1010-15-100-page-031_17.jpg,0178.jpg
test/UR1010-15-100-page-031_18.jpg,0179.jpg
test/UR1010-15-100-page-031_19.jpg,0180.jpg
test/UR1010-15-100-page-031_20.jpg,0181.jpg
test/UR1010-15-100-page-031_21.jpg,0182.jpg
test/UR1010-15-100-page-031_3.jpg,0183.jpg
test/UR1010-15-100-page-031_4.jpg,0184.jpg
test/UR1010-15-100-page-031_5.jpg,0185.jpg
test/UR1010-15-100-page-031_6.jpg,0186.jpg
test/UR1010-15-100-page-031_7.jpg,0187.jpg
test/UR1010-15-100-page-031_8.jpg,0188.jpg
test/UR1010-15-100-page-031_9.jpg,0189.jpg
test/UR1010-15-100-page-032_10.jpg,0190.jpg
test/UR1010-15-100-page-032_11.jpg,0191.jpg
test/UR1010-15-100-page-032_12.jpg,0192.jpg
test/UR1010-15-100-page-032_13.jpg,0193.jpg
test/UR1010-15-100-page-032_14.jpg,0194.jpg
test/UR1010-15-100-page-032_15.jpg,0195.jpg
test/UR1010-15-100-page-032_16.jpg,0196.jpg
test/UR1010-15-100-page-032_17.jpg,0197.jpg
test/UR1010-15-100-page-032_18.jpg,0198.jpg
test/UR1010-15-100-page-032_19.jpg,0199.jpg
test/UR1010-15-100-page-032_20.jpg,0200.jpg
test/UR1010-15-100-page-032_21.jpg,0201.jpg
test/UR1010-15-100-page-032_22.jpg,0202.jpg
test/UR1010-15-100-page-032_23.jpg,0203.jpg
test/UR1010-15-100-page-032_4.jpg,0204.jpg
test/UR1010-15-100-page-032_5.jpg,0205.jpg
test/UR1010-15-100-page-032_6.jpg,0206.jpg
test/UR1010-15-100-page-032_7.jpg,0207.jpg
test/UR1010-15-100-page-032_8.jpg,0208.jpg
test/UR1010-15-100-page-032_9.jpg,0209.jpg
test/UR1010-15-100-page-033_10.jpg,0210.jpg
test/UR1010-15-100-page-033_11.jpg,0211.jpg
test/UR1010-15-100-page-033_12.jpg,0212.jpg
test/UR1010-15-100-page-033_13.jpg,0213.jpg
test/UR1010-15-100-page-033_14.jpg,0214.jpg
test/UR1010-15-100-page-033_15.jpg,0215.jpg
test/UR1010-15-100-page-033_16.jpg,0216.jpg
test/UR1010-15-100-page-033_17.jpg,0217.jpg
test/UR1010-15-100-page-033_18.jpg,0218.jpg
test/UR1010-15-100-page-033_19.jpg,0219.jpg
test/UR1010-15-100-page-033_20.jpg,0220.jpg
test/UR1010-15-100-page-033_22.jpg,0221.jpg
test/UR1010-15-100-page-033_23.jpg,0222.jpg
test/UR1010-15-100-page-033_24.jpg,0223.jpg
test/UR1010-15-100-page-033_4.jpg,0224.jpg
test/UR1010-15-100-page-033_5.jpg,0225.jpg
test/UR1010-15-100-page-033_6.jpg,0226.jpg
test/UR1010-15-100-page-033_7.jpg,0227.jpg
test/UR1010-15-100-page-033_8.jpg,0228.jpg
test/UR1010-15-100-page-033_9.jpg,0229.jpg
test/UR1010-15-100-page-034_1.jpg,0230.jpg
test/UR1010-15-100-page-034_10.jpg,0231.jpg
test/UR1010-15-100-page-034_11.jpg,0232.jpg
test/UR1010-15-100-page-034_12.jpg,0233.jpg
test/UR1010-15-100-page-034_13.jpg,0234.jpg
test/UR1010-15-100-page-034_14.jpg,0235.jpg
test/UR1010-15-100-page-034_15.jpg,0236.jpg
test/UR1010-15-100-page-034_16.jpg,0237.jpg
test/UR1010-15-100-page-034_17.jpg,0238.jpg
test/UR1010-15-100-page-034_18.jpg,0239.jpg
test/UR1010-15-100-page-034_2.jpg,0240.jpg
test/UR1010-15-100-page-034_3.jpg,0241.jpg
test/UR1010-15-100-page-034_4.jpg,0242.jpg
test/UR1010-15-100-page-034_5.jpg,0243.jpg
test/UR1010-15-100-page-034_6.jpg,0244.jpg
test/UR1010-15-100-page-034_7.jpg,0245.jpg
test/UR1010-15-100-page-034_8.jpg,0246.jpg
test/UR1010-15-100-page-034_9.jpg,0247.jpg
test/UR1010-15-100-page-035_10.jpg,0248.jpg
test/UR1010-15-100-page-035_11.jpg,0249.jpg
test/UR1010-15-100-page-035_12.jpg,0250.jpg
test/UR1010-15-100-page-035_13.jpg,0251.jpg
test/UR1010-15-100-page-035_14.jpg,0252.jpg
test/UR1010-15-100-page-035_15.jpg,0253.jpg
test/UR1010-15-100-page-035_16.jpg,0254.jpg
test/UR1010-15-100-page-035_17.jpg,0255.jpg
test/UR1010-15-100-page-035_18.jpg,0256.jpg
test/UR1010-15-100-page-035_19.jpg,0257.jpg
test/UR1010-15-100-page-035_20.jpg,0258.jpg
test/UR1010-15-100-page-035_21.jpg,0259.jpg
test/UR1010-15-100-page-035_22.jpg,0260.jpg
test/UR1010-15-100-page-035_3.jpg,0261.jpg
test/UR1010-15-100-page-035_4.jpg,0262.jpg
test/UR1010-15-100-page-035_5.jpg,0263.jpg
test/UR1010-15-100-page-035_6.jpg,0264.jpg
test/UR1010-15-100-page-035_7.jpg,0265.jpg
test/UR1010-15-100-page-035_8.jpg,0266.jpg
test/UR1010-15-100-page-035_9.jpg,0267.jpg
test/UR1010-15-100-page-037_10.jpg,0268.jpg
test/UR1010-15-100-page-037_11.jpg,0269.jpg
test/UR1010-15-100-page-037_12.jpg,0270.jpg
test/UR1010-15-100-page-037_13.jpg,0271.jpg
test/UR1010-15-100-page-037_14.jpg,0272.jpg
test/UR1010-15-100-page-037_15.jpg,0273.jpg
test/UR1010-15-100-page-037_16.jpg,0274.jpg
test/UR1010-15-100-page-037_17.jpg,0275.jpg
test/UR1010-15-100-page-037_18.jpg,0276.jpg
test/UR1010-15-100-page-037_19.jpg,0277.jpg
test/UR1010-15-100-page-037_20.jpg,0278.jpg
test/UR1010-15-100-page-037_21.jpg,0279.jpg
test/UR1010-15-100-page-037_25.jpg,0280.jpg
test/UR1010-15-100-page-037_3.jpg,0281.jpg
test/UR1010-15-100-page-037_4.jpg,0282.jpg
test/UR1010-15-100-page-037_5.jpg,0283.jpg
test/UR1010-15-100-page-037_6.jpg,0284.jpg
test/UR1010-15-100-page-037_7.jpg,0285.jpg
test/UR1010-15-100-page-037_8.jpg,0286.jpg
test/UR1010-15-100-page-037_9.jpg,0287.jpg
test/UR1010-15-100-page-038_10.jpg,0288.jpg
test/UR1010-15-100-page-038_11.jpg,0289.jpg
test/UR1010-15-100-page-038_13.jpg,0290.jpg
test/UR1010-15-100-page-038_14.jpg,0291.jpg
test/UR1010-15-100-page-038_15.jpg,0292.jpg
test/UR1010-15-100-page-038_16.jpg,0293.jpg
test/UR1010-15-100-page-038_17.jpg,0294.jpg
test/UR1010-15-100-page-038_18.jpg,0295.jpg
test/UR1010-15-100-page-038_19.jpg,0296.jpg
test/UR1010-15-100-page-038_2.jpg,0297.jpg
test/UR1010-15-100-page-038_20.jpg,0298.jpg
test/UR1010-15-100-page-038_21.jpg,0299.jpg
test/UR1010-15-100-page-038_3.jpg,0300.jpg
test/UR1010-15-100-page-038_4.jpg,0301.jpg
test/UR1010-15-100-page-038_5.jpg,0302.jpg
test/UR1010-15-100-page-038_6.jpg,0303.jpg
test/UR1010-15-100-page-038_7.jpg,0304.jpg
test/UR1010-15-100-page-038_8.jpg,0305.jpg
test/UR1010-15-100-page-038_9.jpg,0306.jpg
test/UR1010-15-100-page-039_10.jpg,0307.jpg
test/UR1010-15-100-page-039_11.jpg,0308.jpg
test/UR1010-15-100-page-039_12.jpg,0309.jpg
test/UR1010-15-100-page-039_13.jpg,0310.jpg
test/UR1010-15-100-page-039_14.jpg,0311.jpg
test/UR1010-15-100-page-039_15.jpg,0312.jpg
test/UR1010-15-100-page-039_16.jpg,0313.jpg
test/UR1010-15-100-page-039_17.jpg,0314.jpg
test/UR1010-15-100-page-039_19.jpg,0315.jpg
test/UR1010-15-100-page-039_2.jpg,0316.jpg
test/UR1010-15-100-page-039_20.jpg,0317.jpg
test/UR1010-15-100-page-039_21.jpg,0318.jpg
test/UR1010-15-100-page-039_3.jpg,0319.jpg
test/UR1010-15-100-page-039_4.jpg,0320.jpg
test/UR1010-15-100-page-039_5.jpg,0321.jpg
test/UR1010-15-100-page-039_6.jpg,0322.jpg
test/UR1010-15-100-page-039_7.jpg,0323.jpg
test/UR1010-15-100-page-039_8.jpg,0324.jpg
test/UR1010-15-100-page-039_9.jpg,0325.jpg
test/UR1010-15-100-page-040_10.jpg,0326.jpg
test/UR1010-15-100-page-040_11.jpg,0327.jpg
test/UR1010-15-100-page-040_12.jpg,0328.jpg
test/UR1010-15-100-page-040_13.jpg,0329.jpg
test/UR1010-15-100-page-040_14.jpg,0330.jpg
test/UR1010-15-100-page-040_15.jpg,0331.jpg
test/UR1010-15-100-page-040_16.jpg,0332.jpg
test/UR1010-15-100-page-040_17.jpg,0333.jpg
test/UR1010-15-100-page-040_18.jpg,0334.jpg
test/UR1010-15-100-page-040_19.jpg,0335.jpg
test/UR1010-15-100-page-040_2.jpg,0336.jpg
test/UR1010-15-100-page-040_20.jpg,0337.jpg
test/UR1010-15-100-page-040_3.jpg,0338.jpg
test/UR1010-15-100-page-040_4.jpg,0339.jpg
test/UR1010-15-100-page-040_5.jpg,0340.jpg
test/UR1010-15-100-page-040_6.jpg,0341.jpg
test/UR1010-15-100-page-040_7.jpg,0342.jpg
test/UR1010-15-100-page-040_8.jpg,0343.jpg
test/UR1010-15-100-page-040_9.jpg,0344.jpg
test/UR1010-15-100-page-041_10.jpg,0345.jpg
test/UR1010-15-100-page-041_11.jpg,0346.jpg
test/UR1010-15-100-page-041_12.jpg,0347.jpg
test/UR1010-15-100-page-041_13.jpg,0348.jpg
test/UR1010-15-100-page-041_14.jpg,0349.jpg
test/UR1010-15-100-page-041_15.jpg,0350.jpg
test/UR1010-15-100-page-041_16.jpg,0351.jpg
test/UR1010-15-100-page-041_17.jpg,0352.jpg
test/UR1010-15-100-page-041_18.jpg,0353.jpg
test/UR1010-15-100-page-041_19.jpg,0354.jpg
test/UR1010-15-100-page-041_20.jpg,0355.jpg
test/UR1010-15-100-page-041_21.jpg,0356.jpg
test/UR1010-15-100-page-041_23.jpg,0357.jpg
test/UR1010-15-100-page-041_3.jpg,0358.jpg
test/UR1010-15-100-page-041_4.jpg,0359.jpg
test/UR1010-15-100-page-041_5.jpg,0360.jpg
test/UR1010-15-100-page-041_6.jpg,0361.jpg
test/UR1010-15-100-page-041_7.jpg,0362.jpg
test/UR1010-15-100-page-041_8.jpg,0363.jpg
test/UR1010-15-100-page-041_9.jpg,0364.jpg
test/UR1010-15-100-page-042_10.jpg,0365.jpg
test/UR1010-15-100-page-042_11.jpg,0366.jpg
test/UR1010-15-100-page-042_12.jpg,0367.jpg
test/UR1010-15-100-page-042_13.jpg,0368.jpg
test/UR1010-15-100-page-042_14.jpg,0369.jpg
test/UR1010-15-100-page-042_15.jpg,0370.jpg
test/UR1010-15-100-page-042_16.jpg,0371.jpg
test/UR1010-15-100-page-042_17.jpg,0372.jpg
test/UR1010-15-100-page-042_18.jpg,0373.jpg
test/UR1010-15-100-page-042_19.jpg,0374.jpg
test/UR1010-15-100-page-042_20.jpg,0375.jpg
test/UR1010-15-100-page-042_21.jpg,0376.jpg
test/UR1010-15-100-page-042_22.jpg,0377.jpg
test/UR1010-15-100-page-042_24.jpg,0378.jpg
test/UR1010-15-100-page-042_4.jpg,0379.jpg
test/UR1010-15-100-page-042_5.jpg,0380.jpg
test/UR1010-15-100-page-042_6.jpg,0381.jpg
test/UR1010-15-100-page-042_7.jpg,0382.jpg
test/UR1010-15-100-page-042_8.jpg,0383.jpg
test/UR1010-15-100-page-042_9.jpg,0384.jpg
test/UR11689-page-029_10.jpg,0385.jpg
test/UR11689-page-029_11.jpg,0386.jpg
test/UR11689-page-029_12.jpg,0387.jpg
test/UR11689-page-029_13.jpg,0388.jpg
test/UR11689-page-029_14.jpg,0389.jpg
test/UR11689-page-029_15.jpg,0390.jpg
test/UR11689-page-029_16.jpg,0391.jpg
test/UR11689-page-029_17.jpg,0392.jpg
test/UR11689-page-029_18.jpg,0393.jpg
test/UR11689-page-029_2.jpg,0394.jpg
test/UR11689-page-029_3.jpg,0395.jpg
test/UR11689-page-029_4.jpg,0396.jpg
test/UR11689-page-029_5.jpg,0397.jpg
test/UR11689-page-029_6.jpg,0398.jpg
test/UR11689-page-029_7.jpg,0399.jpg
test/UR11689-page-029_8.jpg,0400.jpg
test/UR11689-page-029_9.jpg,0401.jpg
test/UR11689-page-030_10.jpg,0402.jpg
test/UR11689-page-030_11.jpg,0403.jpg
test/UR11689-page-030_12.jpg,0404.jpg
test/UR11689-page-030_13.jpg,0405.jpg
test/UR11689-page-030_14.jpg,0406.jpg
test/UR11689-page-030_15.jpg,0407.jpg
test/UR11689-page-030_16.jpg,0408.jpg
test/UR11689-page-030_17.jpg,0409.jpg
test/UR11689-page-030_18.jpg,0410.jpg
test/UR11689-page-030_19.jpg,0411.jpg
test/UR11689-page-030_2.jpg,0412.jpg
test/UR11689-page-030_20.jpg,0413.jpg
test/UR11689-page-030_3.jpg,0414.jpg
test/UR11689-page-030_4.jpg,0415.jpg
test/UR11689-page-030_5.jpg,0416.jpg
test/UR11689-page-030_6.jpg,0417.jpg
test/UR11689-page-030_7.jpg,0418.jpg
test/UR11689-page-030_8.jpg,0419.jpg
test/UR11689-page-030_9.jpg,0420.jpg
test/UR11689-page-031_1.jpg,0421.jpg
test/UR11689-page-031_11.jpg,0422.jpg
test/UR11689-page-031_12.jpg,0423.jpg
test/UR11689-page-031_17.jpg,0424.jpg
test/UR11689-page-031_18.jpg,0425.jpg
test/UR11689-page-031_19.jpg,0426.jpg
test/UR11689-page-031_22.jpg,0427.jpg
test/UR11689-page-031_25.jpg,0428.jpg
test/UR11689-page-031_29.jpg,0429.jpg
test/UR11689-page-031_30.jpg,0430.jpg
test/UR11689-page-031_31.jpg,0431.jpg
test/UR11689-page-031_32.jpg,0432.jpg
test/UR11689-page-031_5.jpg,0433.jpg
test/UR11689-page-031_8.jpg,0434.jpg
test/UR11689-page-031_9.jpg,0435.jpg
test/UR11689-page-032_10.jpg,0436.jpg
test/UR11689-page-032_11.jpg,0437.jpg
test/UR11689-page-032_12.jpg,0438.jpg
test/UR11689-page-032_13.jpg,0439.jpg
test/UR11689-page-032_14.jpg,0440.jpg
test/UR11689-page-032_15.jpg,0441.jpg
test/UR11689-page-032_16.jpg,0442.jpg
test/UR11689-page-032_17.jpg,0443.jpg
test/UR11689-page-032_18.jpg,0444.jpg
test/UR11689-page-032_19.jpg,0445.jpg
test/UR11689-page-032_3.jpg,0446.jpg
test/UR11689-page-032_4.jpg,0447.jpg
test/UR11689-page-032_5.jpg,0448.jpg
test/UR11689-page-032_6.jpg,0449.jpg
test/UR11689-page-032_7.jpg,0450.jpg
test/UR11689-page-032_8.jpg,0451.jpg
test/UR11689-page-032_9.jpg,0452.jpg
test/UR11689-page-033_10.jpg,0453.jpg
test/UR11689-page-033_11.jpg,0454.jpg
test/UR11689-page-033_12.jpg,0455.jpg
test/UR11689-page-033_13.jpg,0456.jpg
test/UR11689-page-033_14.jpg,0457.jpg
test/UR11689-page-033_15.jpg,0458.jpg
test/UR11689-page-033_16.jpg,0459.jpg
test/UR11689-page-033_17.jpg,0460.jpg
test/UR11689-page-033_18.jpg,0461.jpg
test/UR11689-page-033_19.jpg,0462.jpg
test/UR11689-page-033_2.jpg,0463.jpg
test/UR11689-page-033_3.jpg,0464.jpg
test/UR11689-page-033_4.jpg,0465.jpg
test/UR11689-page-033_5.jpg,0466.jpg
test/UR11689-page-033_6.jpg,0467.jpg
test/UR11689-page-033_7.jpg,0468.jpg
test/UR11689-page-033_8.jpg,0469.jpg
test/UR11689-page-033_9.jpg,0470.jpg
test/UR11689-page-034_10.jpg,0471.jpg
test/UR11689-page-034_11.jpg,0472.jpg
test/UR11689-page-034_12.jpg,0473.jpg
test/UR11689-page-034_13.jpg,0474.jpg
test/UR11689-page-034_14.jpg,0475.jpg
test/UR11689-page-034_15.jpg,0476.jpg
test/UR11689-page-034_16.jpg,0477.jpg
test/UR11689-page-034_17.jpg,0478.jpg
test/UR11689-page-034_18.jpg,0479.jpg
test/UR11689-page-034_19.jpg,0480.jpg
test/UR11689-page-034_2.jpg,0481.jpg
test/UR11689-page-034_20.jpg,0482.jpg
test/UR11689-page-034_3.jpg,0483.jpg
test/UR11689-page-034_4.jpg,0484.jpg
test/UR11689-page-034_5.jpg,0485.jpg
test/UR11689-page-034_6.jpg,0486.jpg
test/UR11689-page-034_7.jpg,0487.jpg
test/UR11689-page-034_8.jpg,0488.jpg
test/UR11689-page-034_9.jpg,0489.jpg
test/UR11689-page-035_1.jpg,0490.jpg
test/UR11689-page-035_10.jpg,0491.jpg
test/UR11689-page-035_11.jpg,0492.jpg
test/UR11689-page-035_12.jpg,0493.jpg
test/UR11689-page-035_13.jpg,0494.jpg
test/UR11689-page-035_14.jpg,0495.jpg
test/UR11689-page-035_15.jpg,0496.jpg
test/UR11689-page-035_16.jpg,0497.jpg
test/UR11689-page-035_17.jpg,0498.jpg
test/UR11689-page-035_18.jpg,0499.jpg
test/UR11689-page-035_19.jpg,0500.jpg
test/UR11689-page-035_2.jpg,0501.jpg
test/UR11689-page-035_20.jpg,0502.jpg
test/UR11689-page-035_3.jpg,0503.jpg
test/UR11689-page-035_4.jpg,0504.jpg
test/UR11689-page-035_5.jpg,0505.jpg
test/UR11689-page-035_6.jpg,0506.jpg
test/UR11689-page-035_7.jpg,0507.jpg
test/UR11689-page-035_8.jpg,0508.jpg
test/UR11689-page-035_9.jpg,0509.jpg
test/UR11689-page-040_10.jpg,0510.jpg
test/UR11689-page-040_11.jpg,0511.jpg
test/UR11689-page-040_12.jpg,0512.jpg
test/UR11689-page-040_15.jpg,0513.jpg
test/UR11689-page-040_16.jpg,0514.jpg
test/UR11689-page-040_17.jpg,0515.jpg
test/UR11689-page-040_18.jpg,0516.jpg
test/UR11689-page-040_19.jpg,0517.jpg
test/UR11689-page-040_2.jpg,0518.jpg
test/UR11689-page-040_3.jpg,0519.jpg
test/UR11689-page-040_4.jpg,0520.jpg
test/UR11689-page-040_5.jpg,0521.jpg
test/UR11689-page-040_6.jpg,0522.jpg
test/UR11689-page-040_7.jpg,0523.jpg
test/UR11689-page-040_8.jpg,0524.jpg
test/UR11689-page-040_9.jpg,0525.jpg
test/UR11689-page-041_1.jpg,0526.jpg
test/UR11689-page-041_10.jpg,0527.jpg
test/UR11689-page-041_11.jpg,0528.jpg
test/UR11689-page-041_12.jpg,0529.jpg
test/UR11689-page-041_13.jpg,0530.jpg
test/UR11689-page-041_14.jpg,0531.jpg
test/UR11689-page-041_15.jpg,0532.jpg
test/UR11689-page-041_16.jpg,0533.jpg
test/UR11689-page-041_17.jpg,0534.jpg
test/UR11689-page-041_18.jpg,0535.jpg
test/UR11689-page-041_19.jpg,0536.jpg
test/UR11689-page-041_2.jpg,0537.jpg
test/UR11689-page-041_3.jpg,0538.jpg
test/UR11689-page-041_4.jpg,0539.jpg
test/UR11689-page-041_5.jpg,0540.jpg
test/UR11689-page-041_6.jpg,0541.jpg
test/UR11689-page-041_7.jpg,0542.jpg
test/UR11689-page-041_9.jpg,0543.jpg
test/UR11689-page-042_10.jpg,0544.jpg
test/UR11689-page-042_11.jpg,0545.jpg
test/UR11689-page-042_12.jpg,0546.jpg
test/UR11689-page-042_13.jpg,0547.jpg
test/UR11689-page-042_14.jpg,0548.jpg
test/UR11689-page-042_15.jpg,0549.jpg
test/UR11689-page-042_16.jpg,0550.jpg
test/UR11689-page-042_17.jpg,0551.jpg
test/UR11689-page-042_18.jpg,0552.jpg
test/UR11689-page-042_19.jpg,0553.jpg
test/UR11689-page-042_2.jpg,0554.jpg
test/UR11689-page-042_3.jpg,0555.jpg
test/UR11689-page-042_4.jpg,0556.jpg
test/UR11689-page-042_5.jpg,0557.jpg
test/UR11689-page-042_6.jpg,0558.jpg
test/UR11689-page-042_7.jpg,0559.jpg
test/UR11689-page-042_8.jpg,0560.jpg
test/UR11689-page-042_9.jpg,0561.jpg
test/UR11689-page-043_11.jpg,0562.jpg
test/UR11689-page-043_12.jpg,0563.jpg
test/UR11689-page-043_13.jpg,0564.jpg
test/UR11689-page-043_14.jpg,0565.jpg
test/UR11689-page-043_15.jpg,0566.jpg
test/UR11689-page-043_16.jpg,0567.jpg
test/UR11689-page-043_17.jpg,0568.jpg
test/UR11689-page-043_18.jpg,0569.jpg
test/UR11689-page-043_19.jpg,0570.jpg
test/UR11689-page-043_2.jpg,0571.jpg
test/UR11689-page-043_3.jpg,0572.jpg
test/UR11689-page-043_4.jpg,0573.jpg
test/UR11689-page-043_5.jpg,0574.jpg
test/UR11689-page-043_6.jpg,0575.jpg
test/UR11689-page-043_7.jpg,0576.jpg
test/UR11689-page-043_8.jpg,0577.jpg
test/UR11689-page-043_9.jpg,0578.jpg
test/UR11689-page-044_10.jpg,0579.jpg
test/UR11689-page-044_11.jpg,0580.jpg
test/UR11689-page-044_12.jpg,0581.jpg
test/UR11689-page-044_13.jpg,0582.jpg
test/UR11689-page-044_14.jpg,0583.jpg
test/UR11689-page-044_15.jpg,0584.jpg
test/UR11689-page-044_16.jpg,0585.jpg
test/UR11689-page-044_17.jpg,0586.jpg
test/UR11689-page-044_18.jpg,0587.jpg
test/UR11689-page-044_19.jpg,0588.jpg
test/UR11689-page-044_2.jpg,0589.jpg
test/UR11689-page-044_20.jpg,0590.jpg
test/UR11689-page-044_3.jpg,0591.jpg
test/UR11689-page-044_4.jpg,0592.jpg
test/UR11689-page-044_5.jpg,0593.jpg
test/UR11689-page-044_6.jpg,0594.jpg
test/UR11689-page-044_7.jpg,0595.jpg
test/UR11689-page-044_8.jpg,0596.jpg
test/UR11689-page-044_9.jpg,0597.jpg
test/UR11689-page-045_10.jpg,0598.jpg
test/UR11689-page-045_11.jpg,0599.jpg
test/UR11689-page-045_12.jpg,0600.jpg
test/UR11689-page-045_13.jpg,0601.jpg
test/UR11689-page-045_14.jpg,0602.jpg
test/UR11689-page-045_15.jpg,0603.jpg
test/UR11689-page-045_16.jpg,0604.jpg
test/UR11689-page-045_17.jpg,0605.jpg
test/UR11689-page-045_18.jpg,0606.jpg
test/UR11689-page-045_2.jpg,0607.jpg
test/UR11689-page-045_3.jpg,0608.jpg
test/UR11689-page-045_4.jpg,0609.jpg
test/UR11689-page-045_5.jpg,0610.jpg
test/UR11689-page-045_6.jpg,0611.jpg
test/UR11689-page-045_7.jpg,0612.jpg
test/UR11689-page-045_8.jpg,0613.jpg
test/UR11689-page-045_9.jpg,0614.jpg
test/UR11689-page-046_10.jpg,0615.jpg
test/UR11689-page-046_11.jpg,0616.jpg
test/UR11689-page-046_12.jpg,0617.jpg
test/UR11689-page-046_13.jpg,0618.jpg
test/UR11689-page-046_14.jpg,0619.jpg
test/UR11689-page-046_15.jpg,0620.jpg
test/UR11689-page-046_16.jpg,0621.jpg
test/UR11689-page-046_17.jpg,0622.jpg
test/UR11689-page-046_2.jpg,0623.jpg
test/UR11689-page-046_3.jpg,0624.jpg
test/UR11689-page-046_4.jpg,0625.jpg
test/UR11689-page-046_5.jpg,0626.jpg
test/UR11689-page-046_6.jpg,0627.jpg
test/UR11689-page-046_7.jpg,0628.jpg
test/UR11689-page-046_8.jpg,0629.jpg
test/UR11689-page-046_9.jpg,0630.jpg
test/UR11689-page-050_1.jpg,0631.jpg
test/UR11689-page-050_10.jpg,0632.jpg
test/UR11689-page-050_11.jpg,0633.jpg
test/UR11689-page-050_12.jpg,0634.jpg
test/UR11689-page-050_13.jpg,0635.jpg
test/UR11689-page-050_14.jpg,0636.jpg
test/UR11689-page-050_15.jpg,0637.jpg
test/UR11689-page-050_16.jpg,0638.jpg
test/UR11689-page-050_17.jpg,0639.jpg
test/UR11689-page-050_18.jpg,0640.jpg
test/UR11689-page-050_19.jpg,0641.jpg
test/UR11689-page-050_2.jpg,0642.jpg
test/UR11689-page-050_20.jpg,0643.jpg
test/UR11689-page-050_3.jpg,0644.jpg
test/UR11689-page-050_4.jpg,0645.jpg
test/UR11689-page-050_5.jpg,0646.jpg
test/UR11689-page-050_6.jpg,0647.jpg
test/UR11689-page-050_7.jpg,0648.jpg
test/UR11689-page-050_8.jpg,0649.jpg
test/UR11689-page-050_9.jpg,0650.jpg
test/UR11689-page-051_10.jpg,0651.jpg
test/UR11689-page-051_11.jpg,0652.jpg
test/UR11689-page-051_12.jpg,0653.jpg
test/UR11689-page-051_13.jpg,0654.jpg
test/UR11689-page-051_14.jpg,0655.jpg
test/UR11689-page-051_15.jpg,0656.jpg
test/UR11689-page-051_16.jpg,0657.jpg
test/UR11689-page-051_17.jpg,0658.jpg
test/UR11689-page-051_18.jpg,0659.jpg
test/UR11689-page-051_19.jpg,0660.jpg
test/UR11689-page-051_2.jpg,0661.jpg
test/UR11689-page-051_20.jpg,0662.jpg
test/UR11689-page-051_3.jpg,0663.jpg
test/UR11689-page-051_4.jpg,0664.jpg
test/UR11689-page-051_5.jpg,0665.jpg
test/UR11689-page-051_6.jpg,0666.jpg
test/UR11689-page-051_7.jpg,0667.jpg
test/UR11689-page-051_8.jpg,0668.jpg
test/UR11689-page-051_9.jpg,0669.jpg
test/UR11689-page-052_1.jpg,0670.jpg
test/UR11689-page-052_10.jpg,0671.jpg
test/UR11689-page-052_11.jpg,0672.jpg
test/UR11689-page-052_12.jpg,0673.jpg
test/UR11689-page-052_13.jpg,0674.jpg
test/UR11689-page-052_14.jpg,0675.jpg
test/UR11689-page-052_15.jpg,0676.jpg
test/UR11689-page-052_16.jpg,0677.jpg
test/UR11689-page-052_17.jpg,0678.jpg
test/UR11689-page-052_18.jpg,0679.jpg
test/UR11689-page-052_19.jpg,0680.jpg
test/UR11689-page-052_2.jpg,0681.jpg
test/UR11689-page-052_20.jpg,0682.jpg
test/UR11689-page-052_3.jpg,0683.jpg
test/UR11689-page-052_4.jpg,0684.jpg
test/UR11689-page-052_5.jpg,0685.jpg
test/UR11689-page-052_6.jpg,0686.jpg
test/UR11689-page-052_7.jpg,0687.jpg
test/UR11689-page-052_8.jpg,0688.jpg
test/UR11689-page-052_9.jpg,0689.jpg
test/UR11689-page-053_10.jpg,0690.jpg
test/UR11689-page-053_11.jpg,0691.jpg
test/UR11689-page-053_12.jpg,0692.jpg
test/UR11689-page-053_13.jpg,0693.jpg
test/UR11689-page-053_14.jpg,0694.jpg
test/UR11689-page-053_15.jpg,0695.jpg
test/UR11689-page-053_16.jpg,0696.jpg
test/UR11689-page-053_17.jpg,0697.jpg
test/UR11689-page-053_18.jpg,0698.jpg
test/UR11689-page-053_19.jpg,0699.jpg
test/UR11689-page-053_3.jpg,0700.jpg
test/UR11689-page-053_4.jpg,0701.jpg
test/UR11689-page-053_5.jpg,0702.jpg
test/UR11689-page-053_6.jpg,0703.jpg
test/UR11689-page-053_7.jpg,0704.jpg
test/UR11689-page-053_8.jpg,0705.jpg
test/UR11689-page-053_9.jpg,0706.jpg
test/UR11689-page-054_10.jpg,0707.jpg
test/UR11689-page-054_11.jpg,0708.jpg
test/UR11689-page-054_12.jpg,0709.jpg
test/UR11689-page-054_13.jpg,0710.jpg
test/UR11689-page-054_14.jpg,0711.jpg
test/UR11689-page-054_15.jpg,0712.jpg
test/UR11689-page-054_16.jpg,0713.jpg
test/UR11689-page-054_17.jpg,0714.jpg
test/UR11689-page-054_18.jpg,0715.jpg
test/UR11689-page-054_19.jpg,0716.jpg
test/UR11689-page-054_2.jpg,0717.jpg
test/UR11689-page-054_20.jpg,0718.jpg
test/UR11689-page-054_3.jpg,0719.jpg
test/UR11689-page-054_4.jpg,0720.jpg
test/UR11689-page-054_5.jpg,0721.jpg
test/UR11689-page-054_7.jpg,0722.jpg
test/UR11689-page-054_8.jpg,0723.jpg
test/UR11689-page-054_9.jpg,0724.jpg
test/UR11689-page-055_10.jpg,0725.jpg
test/UR11689-page-055_11.jpg,0726.jpg
test/UR11689-page-055_12.jpg,0727.jpg
test/UR11689-page-055_13.jpg,0728.jpg
test/UR11689-page-055_14.jpg,0729.jpg
test/UR11689-page-055_15.jpg,0730.jpg
test/UR11689-page-055_16.jpg,0731.jpg
test/UR11689-page-055_17.jpg,0732.jpg
test/UR11689-page-055_18.jpg,0733.jpg
test/UR11689-page-055_19.jpg,0734.jpg
test/UR11689-page-055_2.jpg,0735.jpg
test/UR11689-page-055_20.jpg,0736.jpg
test/UR11689-page-055_3.jpg,0737.jpg
test/UR11689-page-055_4.jpg,0738.jpg
test/UR11689-page-055_5.jpg,0739.jpg
test/UR11689-page-055_6.jpg,0740.jpg
test/UR11689-page-055_7.jpg,0741.jpg
test/UR11689-page-055_8.jpg,0742.jpg
test/UR11689-page-055_9.jpg,0743.jpg
test/UR11689-page-056_2.jpg,0744.jpg
test/UR11689-page-056_3.jpg,0745.jpg
test/UR11689-page-056_4.jpg,0746.jpg
test/UR14319-20-150-page-022_1.jpg,0747.jpg
test/UR14319-20-150-page-022_10.jpg,0748.jpg
test/UR14319-20-150-page-022_11.jpg,0749.jpg
test/UR14319-20-150-page-022_12.jpg,0750.jpg
test/UR14319-20-150-page-022_13.jpg,0751.jpg
test/UR14319-20-150-page-022_14.jpg,0752.jpg
test/UR14319-20-150-page-022_15.jpg,0753.jpg
test/UR14319-20-150-page-022_16.jpg,0754.jpg
test/UR14319-20-150-page-022_17.jpg,0755.jpg
test/UR14319-20-150-page-022_18.jpg,0756.jpg
test/UR14319-20-150-page-022_19.jpg,0757.jpg
test/UR14319-20-150-page-022_2.jpg,0758.jpg
test/UR14319-20-150-page-022_20.jpg,0759.jpg
test/UR14319-20-150-page-022_3.jpg,0760.jpg
test/UR14319-20-150-page-022_4.jpg,0761.jpg
test/UR14319-20-150-page-022_5.jpg,0762.jpg
test/UR14319-20-150-page-022_6.jpg,0763.jpg
test/UR14319-20-150-page-022_8.jpg,0764.jpg
test/UR14319-20-150-page-023_1.jpg,0765.jpg
test/UR14319-20-150-page-023_10.jpg,0766.jpg
test/UR14319-20-150-page-023_11.jpg,0767.jpg
test/UR14319-20-150-page-023_12.jpg,0768.jpg
test/UR14319-20-150-page-023_13.jpg,0769.jpg
test/UR14319-20-150-page-023_14.jpg,0770.jpg
test/UR14319-20-150-page-023_15.jpg,0771.jpg
test/UR14319-20-150-page-023_16.jpg,0772.jpg
test/UR14319-20-150-page-023_17.jpg,0773.jpg
test/UR14319-20-150-page-023_18.jpg,0774.jpg
test/UR14319-20-150-page-023_2.jpg,0775.jpg
test/UR14319-20-150-page-023_3.jpg,0776.jpg
test/UR14319-20-150-page-023_4.jpg,0777.jpg
test/UR14319-20-150-page-023_5.jpg,0778.jpg
test/UR14319-20-150-page-023_6.jpg,0779.jpg
test/UR14319-20-150-page-023_7.jpg,0780.jpg
test/UR14319-20-150-page-023_8.jpg,0781.jpg
test/UR14319-20-150-page-023_9.jpg,0782.jpg
test/UR14319-20-150-page-024_1.jpg,0783.jpg
test/UR14319-20-150-page-024_10.jpg,0784.jpg
test/UR14319-20-150-page-024_11.jpg,0785.jpg
test/UR14319-20-150-page-024_12.jpg,0786.jpg
test/UR14319-20-150-page-024_13.jpg,0787.jpg
test/UR14319-20-150-page-024_14.jpg,0788.jpg
test/UR14319-20-150-page-024_15.jpg,0789.jpg
test/UR14319-20-150-page-024_16.jpg,0790.jpg
test/UR14319-20-150-page-024_17.jpg,0791.jpg
test/UR14319-20-150-page-024_18.jpg,0792.jpg
test/UR14319-20-150-page-024_19.jpg,0793.jpg
test/UR14319-20-150-page-024_2.jpg,0794.jpg
test/UR14319-20-150-page-024_20.jpg,0795.jpg
test/UR14319-20-150-page-024_3.jpg,0796.jpg
test/UR14319-20-150-page-024_4.jpg,0797.jpg
test/UR14319-20-150-page-024_5.jpg,0798.jpg
test/UR14319-20-150-page-024_6.jpg,0799.jpg
test/UR14319-20-150-page-024_7.jpg,0800.jpg
test/UR14319-20-150-page-024_8.jpg,0801.jpg
test/UR14319-20-150-page-024_9.jpg,0802.jpg
test/UR14319-20-150-page-025_13.jpg,0803.jpg
test/UR14319-20-150-page-025_14.jpg,0804.jpg
test/UR14319-20-150-page-025_15.jpg,0805.jpg
test/UR14319-20-150-page-025_16.jpg,0806.jpg
test/UR14319-20-150-page-025_17.jpg,0807.jpg
test/UR14319-20-150-page-025_18.jpg,0808.jpg
test/UR14319-20-150-page-025_2.jpg,0809.jpg
test/UR14319-20-150-page-025_3.jpg,0810.jpg
test/UR14319-20-150-page-025_4.jpg,0811.jpg
test/UR14319-20-150-page-025_5.jpg,0812.jpg
test/UR14319-20-150-page-025_6.jpg,0813.jpg
test/UR14319-20-150-page-025_7.jpg,0814.jpg
test/UR14319-20-150-page-025_8.jpg,0815.jpg
test/UR14319-20-150-page-025_9.jpg,0816.jpg
test/UR14319-20-150-page-026_10.jpg,0817.jpg
test/UR14319-20-150-page-026_11.jpg,0818.jpg
test/UR14319-20-150-page-026_13.jpg,0819.jpg
test/UR14319-20-150-page-026_14.jpg,0820.jpg
test/UR14319-20-150-page-026_17.jpg,0821.jpg
test/UR14319-20-150-page-026_18.jpg,0822.jpg
test/UR14319-20-150-page-026_19.jpg,0823.jpg
test/UR14319-20-150-page-026_2.jpg,0824.jpg
test/UR14319-20-150-page-026_20.jpg,0825.jpg
test/UR14319-20-150-page-026_21.jpg,0826.jpg
test/UR14319-20-150-page-026_22.jpg,0827.jpg
test/UR14319-20-150-page-026_23.jpg,0828.jpg
test/UR14319-20-150-page-026_24.jpg,0829.jpg
test/UR14319-20-150-page-026_25.jpg,0830.jpg
test/UR14319-20-150-page-026_3.jpg,0831.jpg
test/UR14319-20-150-page-026_5.jpg,0832.jpg
test/UR14319-20-150-page-026_6.jpg,0833.jpg
test/UR14319-20-150-page-026_7.jpg,0834.jpg
test/UR14319-20-150-page-026_8.jpg,0835.jpg
test/UR14319-20-150-page-026_9.jpg,0836.jpg
test/UR14319-20-150-page-027_10.jpg,0837.jpg
test/UR14319-20-150-page-027_2.jpg,0838.jpg
test/UR14319-20-150-page-027_3.jpg,0839.jpg
test/UR14319-20-150-page-027_4.jpg,0840.jpg
test/UR14319-20-150-page-027_5.jpg,0841.jpg
test/UR14319-20-150-page-027_6.jpg,0842.jpg
test/UR14319-20-150-page-027_7.jpg,0843.jpg
test/UR14319-20-150-page-027_8.jpg,0844.jpg
test/UR14319-20-150-page-027_9.jpg,0845.jpg
test/UR14319-20-150-page-028_11.jpg,0846.jpg
test/UR14319-20-150-page-028_14.jpg,0847.jpg
test/UR14319-20-150-page-028_15.jpg,0848.jpg
test/UR14319-20-150-page-028_16.jpg,0849.jpg
test/UR14319-20-150-page-028_17.jpg,0850.jpg
test/UR14319-20-150-page-028_18.jpg,0851.jpg
test/UR14319-20-150-page-028_19.jpg,0852.jpg
test/UR14319-20-150-page-028_2.jpg,0853.jpg
test/UR14319-20-150-page-028_21.jpg,0854.jpg
test/UR14319-20-150-page-028_3.jpg,0855.jpg
test/UR14319-20-150-page-029_1.jpg,0856.jpg
test/UR14319-20-150-page-029_10.jpg,0857.jpg
test/UR14319-20-150-page-029_11.jpg,0858.jpg
test/UR14319-20-150-page-029_13.jpg,0859.jpg
test/UR14319-20-150-page-029_14.jpg,0860.jpg
test/UR14319-20-150-page-029_15.jpg,0861.jpg
test/UR14319-20-150-page-029_16.jpg,0862.jpg
test/UR14319-20-150-page-029_18.jpg,0863.jpg
test/UR14319-20-150-page-029_2.jpg,0864.jpg
test/UR14319-20-150-page-029_20.jpg,0865.jpg
test/UR14319-20-150-page-029_21.jpg,0866.jpg
test/UR14319-20-150-page-029_22.jpg,0867.jpg
test/UR14319-20-150-page-029_23.jpg,0868.jpg
test/UR14319-20-150-page-029_6.jpg,0869.jpg
test/UR14319-20-150-page-029_7.jpg,0870.jpg
test/UR14319-20-150-page-029_8.jpg,0871.jpg
test/UR14319-20-150-page-029_9.jpg,0872.jpg
test/UR14319-20-150-page-030_10.jpg,0873.jpg
test/UR14319-20-150-page-030_11.jpg,0874.jpg
test/UR14319-20-150-page-030_12.jpg,0875.jpg
test/UR14319-20-150-page-030_13.jpg,0876.jpg
test/UR14319-20-150-page-030_14.jpg,0877.jpg
test/UR14319-20-150-page-030_15.jpg,0878.jpg
test/UR14319-20-150-page-030_16.jpg,0879.jpg
test/UR14319-20-150-page-030_18.jpg,0880.jpg
test/UR14319-20-150-page-030_19.jpg,0881.jpg
test/UR14319-20-150-page-030_2.jpg,0882.jpg
test/UR14319-20-150-page-030_20.jpg,0883.jpg
test/UR14319-20-150-page-030_21.jpg,0884.jpg
test/UR14319-20-150-page-030_22.jpg,0885.jpg
test/UR14319-20-150-page-030_3.jpg,0886.jpg
test/UR14319-20-150-page-030_4.jpg,0887.jpg
test/UR14319-20-150-page-030_5.jpg,0888.jpg
test/UR14319-20-150-page-030_6.jpg,0889.jpg
test/UR14319-20-150-page-030_7.jpg,0890.jpg
test/UR14319-20-150-page-030_8.jpg,0891.jpg
test/UR14319-20-150-page-031_65.jpg,0892.jpg
test/UR14319-20-150-page-031_66.jpg,0893.jpg
test/UR14319-20-150-page-031_67.jpg,0894.jpg
test/UR14319-20-150-page-031_68.jpg,0895.jpg
test/UR14319-20-150-page-031_69.jpg,0896.jpg
test/UR14319-20-150-page-031_70.jpg,0897.jpg
test/UR14319-20-150-page-031_72.jpg,0898.jpg
test/UR14319-20-150-page-031_73.jpg,0899.jpg
test/UR14319-20-150-page-031_74.jpg,0900.jpg
test/UR14319-20-150-page-031_75.jpg,0901.jpg
test/UR14319-20-150-page-031_76.jpg,0902.jpg
test/UR14319-20-150-page-031_77.jpg,0903.jpg
test/UR14319-20-150-page-031_78.jpg,0904.jpg
test/UR14319-20-150-page-031_80.jpg,0905.jpg
test/UR14319-20-150-page-031_81.jpg,0906.jpg
test/UR14319-20-150-page-031_83.jpg,0907.jpg
test/UR14319-20-150-page-031_85.jpg,0908.jpg
test/UR14319-20-150-page-031_86.jpg,0909.jpg
test/UR14319-20-150-page-032_1.jpg,0910.jpg
test/UR14319-20-150-page-032_10.jpg,0911.jpg
test/UR14319-20-150-page-032_11.jpg,0912.jpg
test/UR14319-20-150-page-032_12.jpg,0913.jpg
test/UR14319-20-150-page-032_13.jpg,0914.jpg
test/UR14319-20-150-page-032_14.jpg,0915.jpg
test/UR14319-20-150-page-032_15.jpg,0916.jpg
test/UR14319-20-150-page-032_16.jpg,0917.jpg
test/UR14319-20-150-page-032_17.jpg,0918.jpg
test/UR14319-20-150-page-032_18.jpg,0919.jpg
test/UR14319-20-150-page-032_19.jpg,0920.jpg
test/UR14319-20-150-page-032_2.jpg,0921.jpg
test/UR14319-20-150-page-032_3.jpg,0922.jpg
test/UR14319-20-150-page-032_4.jpg,0923.jpg
test/UR14319-20-150-page-032_5.jpg,0924.jpg
test/UR14319-20-150-page-032_6.jpg,0925.jpg
test/UR14319-20-150-page-032_7.jpg,0926.jpg
test/UR14319-20-150-page-032_8.jpg,0927.jpg
test/UR14319-20-150-page-032_9.jpg,0928.jpg
test/UR14319-20-150-page-033_10.jpg,0929.jpg
test/UR14319-20-150-page-033_11.jpg,0930.jpg
test/UR14319-20-150-page-033_12.jpg,0931.jpg
test/UR14319-20-150-page-033_13.jpg,0932.jpg
test/UR14319-20-150-page-033_14.jpg,0933.jpg
test/UR14319-20-150-page-033_15.jpg,0934.jpg
test/UR14319-20-150-page-033_16.jpg,0935.jpg
test/UR14319-20-150-page-033_18.jpg,0936.jpg
test/UR14319-20-150-page-033_19.jpg,0937.jpg
test/UR14319-20-150-page-033_20.jpg,0938.jpg
test/UR14319-20-150-page-033_21.jpg,0939.jpg
test/UR14319-20-150-page-033_22.jpg,0940.jpg
test/UR14319-20-150-page-033_23.jpg,0941.jpg
test/UR14319-20-150-page-033_24.jpg,0942.jpg
test/UR14319-20-150-page-033_28.jpg,0943.jpg
test/UR14319-20-150-page-033_6.jpg,0944.jpg
test/UR14319-20-150-page-033_7.jpg,0945.jpg
test/UR14319-20-150-page-033_8.jpg,0946.jpg
test/UR14319-20-150-page-033_9.jpg,0947.jpg
test/UR14319-20-150-page-034_1.jpg,0948.jpg
test/UR14319-20-150-page-034_11.jpg,0949.jpg
test/UR14319-20-150-page-034_12.jpg,0950.jpg
test/UR14319-20-150-page-034_13.jpg,0951.jpg
test/UR14319-20-150-page-034_14.jpg,0952.jpg
test/UR14319-20-150-page-034_15.jpg,0953.jpg
test/UR14319-20-150-page-034_18.jpg,0954.jpg
test/UR14319-20-150-page-034_19.jpg,0955.jpg
test/UR14319-20-150-page-034_2.jpg,0956.jpg
test/UR14319-20-150-page-034_21.jpg,0957.jpg
test/UR14319-20-150-page-034_22.jpg,0958.jpg
test/UR14319-20-150-page-034_25.jpg,0959.jpg
test/UR14319-20-150-page-034_3.jpg,0960.jpg
test/UR14319-20-150-page-034_4.jpg,0961.jpg
test/UR14319-20-150-page-034_5.jpg,0962.jpg
test/UR14319-20-150-page-034_6.jpg,0963.jpg
test/UR14319-20-150-page-034_8.jpg,0964.jpg
test/UR14319-20-150-page-034_9.jpg,0965.jpg
test/UR14319-20-150-page-035_11.jpg,0966.jpg
test/UR14319-20-150-page-035_12.jpg,0967.jpg
test/UR14319-20-150-page-035_13.jpg,0968.jpg
test/UR14319-20-150-page-035_14.jpg,0969.jpg
test/UR14319-20-150-page-035_15.jpg,0970.jpg
test/UR14319-20-150-page-035_16.jpg,0971.jpg
test/UR14319-20-150-page-035_17.jpg,0972.jpg
test/UR14319-20-150-page-035_18.jpg,0973.jpg
test/UR14319-20-150-page-035_19.jpg,0974.jpg
test/UR14319-20-150-page-035_22.jpg,0975.jpg
test/UR14319-20-150-page-035_23.jpg,0976.jpg
test/UR14319-20-150-page-035_24.jpg,0977.jpg
test/UR14319-20-150-page-035_25.jpg,0978.jpg
test/UR14319-20-150-page-035_26.jpg,0979.jpg
test/UR14319-20-150-page-035_30.jpg,0980.jpg
test/UR14319-20-150-page-035_31.jpg,0981.jpg
test/UR14319-20-150-page-035_33.jpg,0982.jpg
test/UR14319-20-150-page-035_34.jpg,0983.jpg
test/UR14319-20-150-page-035_7.jpg,0984.jpg
test/UR14319-20-150-page-035_9.jpg,0985.jpg
test/UR14319-20-150-page-036_1.jpg,0986.jpg
test/UR14319-20-150-page-036_10.jpg,0987.jpg
test/UR14319-20-150-page-036_11.jpg,0988.jpg
test/UR14319-20-150-page-036_12.jpg,0989.jpg
test/UR14319-20-150-page-036_13.jpg,0990.jpg
test/UR14319-20-150-page-036_14.jpg,0991.jpg
test/UR14319-20-150-page-036_15.jpg,0992.jpg
test/UR14319-20-150-page-036_16.jpg,0993.jpg
test/UR14319-20-150-page-036_17.jpg,0994.jpg
test/UR14319-20-150-page-036_18.jpg,0995.jpg
test/UR14319-20-150-page-036_2.jpg,0996.jpg
test/UR14319-20-150-page-036_20.jpg,0997.jpg
test/UR14319-20-150-page-036_21.jpg,0998.jpg
test/UR14319-20-150-page-036_3.jpg,0999.jpg
test/UR14319-20-150-page-036_4.jpg,1000.jpg
test/UR14319-20-150-page-036_5.jpg,1001.jpg
test/UR14319-20-150-page-036_6.jpg,1002.jpg
test/UR14319-20-150-page-036_7.jpg,1003.jpg
test/UR14319-20-150-page-036_8.jpg,1004.jpg
test/UR14319-20-150-page-036_9.jpg,1005.jpg
test/UR14319-20-150-page-037_1.jpg,1006.jpg
test/UR14319-20-150-page-037_10.jpg,1007.jpg
test/UR14319-20-150-page-037_11.jpg,1008.jpg
test/UR14319-20-150-page-037_12.jpg,1009.jpg
test/UR14319-20-150-page-037_13.jpg,1010.jpg
test/UR14319-20-150-page-037_14.jpg,1011.jpg
test/UR14319-20-150-page-037_16.jpg,1012.jpg
test/UR14319-20-150-page-037_17.jpg,1013.jpg
test/UR14319-20-150-page-037_18.jpg,1014.jpg
test/UR14319-20-150-page-037_22.jpg,1015.jpg
test/UR14319-20-150-page-037_23.jpg,1016.jpg
test/UR14319-20-150-page-037_24.jpg,1017.jpg
test/UR14319-20-150-page-037_25.jpg,1018.jpg
test/UR14319-20-150-page-037_26.jpg,1019.jpg
test/UR14319-20-150-page-037_3.jpg,1020.jpg
test/UR14319-20-150-page-037_5.jpg,1021.jpg
test/UR14319-20-150-page-037_7.jpg,1022.jpg
test/UR14319-20-150-page-037_9.jpg,1023.jpg
test/UR14319-20-150-page-038_1.jpg,1024.jpg
test/UR14319-20-150-page-038_10.jpg,1025.jpg
test/UR14319-20-150-page-038_11.jpg,1026.jpg
test/UR14319-20-150-page-038_12.jpg,1027.jpg
test/UR14319-20-150-page-038_13.jpg,1028.jpg
test/UR14319-20-150-page-038_14.jpg,1029.jpg
test/UR14319-20-150-page-038_15.jpg,1030.jpg
test/UR14319-20-150-page-038_17.jpg,1031.jpg
test/UR14319-20-150-page-038_19.jpg,1032.jpg
test/UR14319-20-150-page-038_2.jpg,1033.jpg
test/UR14319-20-150-page-038_20.jpg,1034.jpg
test/UR14319-20-150-page-038_21.jpg,1035.jpg
test/UR14319-20-150-page-038_22.jpg,1036.jpg
test/UR14319-20-150-page-038_23.jpg,1037.jpg
test/UR14319-20-150-page-038_4.jpg,1038.jpg
test/UR14319-20-150-page-038_5.jpg,1039.jpg
test/UR14319-20-150-page-038_6.jpg,1040.jpg
test/UR14319-20-150-page-038_7.jpg,1041.jpg
test/UR14319-20-150-page-038_8.jpg,1042.jpg
test/UR14319-20-150-page-039_1.jpg,1043.jpg
test/UR14319-20-150-page-039_10.jpg,1044.jpg
test/UR14319-20-150-page-039_12.jpg,1045.jpg
test/UR14319-20-150-page-039_15.jpg,1046.jpg
test/UR14319-20-150-page-039_16.jpg,1047.jpg
test/UR14319-20-150-page-039_17.jpg,1048.jpg
test/UR14319-20-150-page-039_18.jpg,1049.jpg
test/UR14319-20-150-page-039_19.jpg,1050.jpg
test/UR14319-20-150-page-039_2.jpg,1051.jpg
test/UR14319-20-150-page-039_20.jpg,1052.jpg
test/UR14319-20-150-page-039_3.jpg,1053.jpg
test/UR14319-20-150-page-039_4.jpg,1054.jpg
test/UR14319-20-150-page-039_5.jpg,1055.jpg
test/UR14319-20-150-page-039_7.jpg,1056.jpg
test/UR14319-20-150-page-039_9.jpg,1057.jpg
test/UR14319-20-150-page-040_10.jpg,1058.jpg
test/UR14319-20-150-page-040_11.jpg,1059.jpg
test/UR14319-20-150-page-040_12.jpg,1060.jpg
test/UR14319-20-150-page-040_13.jpg,1061.jpg
test/UR14319-20-150-page-040_15.jpg,1062.jpg
test/UR14319-20-150-page-040_16.jpg,1063.jpg
test/UR14319-20-150-page-040_17.jpg,1064.jpg
test/UR14319-20-150-page-040_2.jpg,1065.jpg
test/UR14319-20-150-page-040_20.jpg,1066.jpg
test/UR14319-20-150-page-040_8.jpg,1067.jpg
test/UR14319-20-150-page-041_10.jpg,1068.jpg
test/UR14319-20-150-page-041_11.jpg,1069.jpg
test/UR14319-20-150-page-041_12.jpg,1070.jpg
test/UR14319-20-150-page-041_13.jpg,1071.jpg
test/UR14319-20-150-page-041_14.jpg,1072.jpg
test/UR14319-20-150-page-041_2.jpg,1073.jpg
test/UR14319-20-150-page-041_20.jpg,1074.jpg
test/UR14319-20-150-page-041_22.jpg,1075.jpg
test/UR14319-20-150-page-041_23.jpg,1076.jpg
test/UR14319-20-150-page-041_24.jpg,1077.jpg
test/UR14319-20-150-page-041_28.jpg,1078.jpg
test/UR14319-20-150-page-041_29.jpg,1079.jpg
test/UR14319-20-150-page-041_3.jpg,1080.jpg
test/UR14319-20-150-page-041_4.jpg,1081.jpg
test/UR14319-20-150-page-041_5.jpg,1082.jpg
test/UR14319-20-150-page-041_7.jpg,1083.jpg
test/UR14319-20-150-page-041_8.jpg,1084.jpg
test/UR14319-20-150-page-041_9.jpg,1085.jpg
test/UR14319-20-150-page-042_10.jpg,1086.jpg
test/UR14319-20-150-page-042_11.jpg,1087.jpg
test/UR14319-20-150-page-042_12.jpg,1088.jpg
test/UR14319-20-150-page-042_13.jpg,1089.jpg
test/UR14319-20-150-page-042_14.jpg,1090.jpg
test/UR14319-20-150-page-042_15.jpg,1091.jpg
test/UR14319-20-150-page-042_16.jpg,1092.jpg
test/UR14319-20-150-page-042_17.jpg,1093.jpg
test/UR14319-20-150-page-042_18.jpg,1094.jpg
test/UR14319-20-150-page-042_19.jpg,1095.jpg
test/UR14319-20-150-page-042_20.jpg,1096.jpg
test/UR14319-20-150-page-042_21.jpg,1097.jpg
test/UR14319-20-150-page-042_22.jpg,1098.jpg
test/UR14319-20-150-page-042_23.jpg,1099.jpg
test/UR14319-20-150-page-042_4.jpg,1100.jpg
test/UR14319-20-150-page-042_5.jpg,1101.jpg
test/UR14319-20-150-page-042_6.jpg,1102.jpg
test/UR14319-20-150-page-042_7.jpg,1103.jpg
test/UR14319-20-150-page-042_8.jpg,1104.jpg
test/UR14319-20-150-page-042_9.jpg,1105.jpg
test/UR14319-20-150-page-043_1.jpg,1106.jpg
test/UR14319-20-150-page-043_10.jpg,1107.jpg
test/UR14319-20-150-page-043_11.jpg,1108.jpg
test/UR14319-20-150-page-043_13.jpg,1109.jpg
test/UR14319-20-150-page-043_16.jpg,1110.jpg
test/UR14319-20-150-page-043_17.jpg,1111.jpg
test/UR14319-20-150-page-043_18.jpg,1112.jpg
test/UR14319-20-150-page-043_3.jpg,1113.jpg
test/UR14319-20-150-page-043_4.jpg,1114.jpg
test/UR14319-20-150-page-043_5.jpg,1115.jpg
test/UR14319-20-150-page-043_8.jpg,1116.jpg
test/UR14319-20-150-page-043_9.jpg,1117.jpg
test/UR14319-20-150-page-044_1.jpg,1118.jpg
test/UR14319-20-150-page-044_10.jpg,1119.jpg
test/UR14319-20-150-page-044_11.jpg,1120.jpg
test/UR14319-20-150-page-044_12.jpg,1121.jpg
test/UR14319-20-150-page-044_13.jpg,1122.jpg
test/UR14319-20-150-page-044_14.jpg,1123.jpg
test/UR14319-20-150-page-044_15.jpg,1124.jpg
test/UR14319-20-150-page-044_16.jpg,1125.jpg
test/UR14319-20-150-page-044_17.jpg,1126.jpg
test/UR14319-20-150-page-044_18.jpg,1127.jpg
test/UR14319-20-150-page-044_19.jpg,1128.jpg
test/UR14319-20-150-page-044_2.jpg,1129.jpg
test/UR14319-20-150-page-044_3.jpg,1130.jpg
test/UR14319-20-150-page-044_4.jpg,1131.jpg
test/UR14319-20-150-page-044_5.jpg,1132.jpg
test/UR14319-20-150-page-044_6.jpg,1133.jpg
test/UR14319-20-150-page-044_7.jpg,1134.jpg
test/UR14319-20-150-page-044_8.jpg,1135.jpg
test/UR14319-20-150-page-044_9.jpg,1136.jpg
test/UR14319-20-150-page-045_1.jpg,1137.jpg
test/UR14319-20-150-page-045_10.jpg,1138.jpg
test/UR14319-20-150-page-045_11.jpg,1139.jpg
test/UR14319-20-150-page-045_13.jpg,1140.jpg
test/UR14319-20-150-page-045_14.jpg,1141.jpg
test/UR14319-20-150-page-045_15.jpg,1142.jpg
test/UR14319-20-150-page-045_16.jpg,1143.jpg
test/UR14319-20-150-page-045_17.jpg,1144.jpg
test/UR14319-20-150-page-045_18.jpg,1145.jpg
test/UR14319-20-150-page-045_19.jpg,1146.jpg
test/UR14319-20-150-page-045_2.jpg,1147.jpg
test/UR14319-20-150-page-045_21.jpg,1148.jpg
test/UR14319-20-150-page-045_22.jpg,1149.jpg
test/UR14319-20-150-page-045_23.jpg,1150.jpg
test/UR14319-20-150-page-045_3.jpg,1151.jpg
test/UR14319-20-150-page-045_5.jpg,1152.jpg
test/UR14319-20-150-page-045_7.jpg,1153.jpg
test/UR14319-20-150-page-045_8.jpg,1154.jpg
test/UR14319-20-150-page-045_9.jpg,1155.jpg
test/UR14319-20-150-page-046_10.jpg,1156.jpg
test/UR14319-20-150-page-046_11.jpg,1157.jpg
test/UR14319-20-150-page-046_12.jpg,1158.jpg
test/UR14319-20-150-page-046_13.jpg,1159.jpg
test/UR14319-20-150-page-046_16.jpg,1160.jpg
test/UR14319-20-150-page-046_17.jpg,1161.jpg
test/UR14319-20-150-page-046_18.jpg,1162.jpg
test/UR14319-20-150-page-046_19.jpg,1163.jpg
test/UR14319-20-150-page-046_2.jpg,1164.jpg
test/UR14319-20-150-page-046_20.jpg,1165.jpg
test/UR14319-20-150-page-046_21.jpg,1166.jpg
test/UR14319-20-150-page-046_22.jpg,1167.jpg
test/UR14319-20-150-page-046_4.jpg,1168.jpg
test/UR14319-20-150-page-046_5.jpg,1169.jpg
test/UR14319-20-150-page-046_6.jpg,1170.jpg
test/UR14319-20-150-page-046_7.jpg,1171.jpg
test/UR14319-20-150-page-046_8.jpg,1172.jpg
test/UR14319-20-150-page-046_9.jpg,1173.jpg
test/UR14319-20-150-page-047_1.jpg,1174.jpg
test/UR14319-20-150-page-047_10.jpg,1175.jpg
test/UR14319-20-150-page-047_14.jpg,1176.jpg
test/UR14319-20-150-page-047_16.jpg,1177.jpg
test/UR14319-20-150-page-047_19.jpg,1178.jpg
test/UR14319-20-150-page-047_2.jpg,1179.jpg
test/UR14319-20-150-page-047_26.jpg,1180.jpg
test/UR14319-20-150-page-047_3.jpg,1181.jpg
test/UR14319-20-150-page-047_36.jpg,1182.jpg
test/UR14319-20-150-page-047_45.jpg,1183.jpg
test/UR14319-20-150-page-047_46.jpg,1184.jpg
test/UR14319-20-150-page-047_48.jpg,1185.jpg
test/UR14319-20-150-page-047_49.jpg,1186.jpg
test/UR14319-20-150-page-047_5.jpg,1187.jpg
test/UR14319-20-150-page-047_53.jpg,1188.jpg
test/UR14319-20-150-page-047_6.jpg,1189.jpg
test/UR14319-20-150-page-047_60.jpg,1190.jpg
test/UR14319-20-150-page-047_61.jpg,1191.jpg
test/UR14319-20-150-page-047_62.jpg,1192.jpg
test/UR14319-20-150-page-047_7.jpg,1193.jpg
test/UR14319-20-150-page-047_8.jpg,1194.jpg
test/UR14319-20-150-page-048_1.jpg,1195.jpg
test/UR14319-20-150-page-048_10.jpg,1196.jpg
test/UR14319-20-150-page-048_11.jpg,1197.jpg
test/UR14319-20-150-page-048_13.jpg,1198.jpg
test/UR14319-20-150-page-048_14.jpg,1199.jpg
test/UR14319-20-150-page-048_15.jpg,1200.jpg
test/UR14319-20-150-page-048_16.jpg,1201.jpg
test/UR14319-20-150-page-048_17.jpg,1202.jpg
test/UR14319-20-150-page-048_18.jpg,1203.jpg
test/UR14319-20-150-page-048_19.jpg,1204.jpg
test/UR14319-20-150-page-048_2.jpg,1205.jpg
test/UR14319-20-150-page-048_20.jpg,1206.jpg
test/UR14319-20-150-page-048_3.jpg,1207.jpg
test/UR14319-20-150-page-048_4.jpg,1208.jpg
test/UR14319-20-150-page-048_5.jpg,1209.jpg
test/UR14319-20-150-page-048_6.jpg,1210.jpg
test/UR14319-20-150-page-048_7.jpg,1211.jpg
test/UR14319-20-150-page-048_8.jpg,1212.jpg
test/UR14319-20-150-page-048_9.jpg,1213.jpg
test/UR14319-20-150-page-049_10.jpg,1214.jpg
test/UR14319-20-150-page-049_11.jpg,1215.jpg
test/UR14319-20-150-page-049_12.jpg,1216.jpg
test/UR14319-20-150-page-049_13.jpg,1217.jpg
test/UR14319-20-150-page-049_14.jpg,1218.jpg
test/UR14319-20-150-page-049_15.jpg,1219.jpg
test/UR14319-20-150-page-049_16.jpg,1220.jpg
test/UR14319-20-150-page-049_17.jpg,1221.jpg
test/UR14319-20-150-page-049_18.jpg,1222.jpg
test/UR14319-20-150-page-049_19.jpg,1223.jpg
test/UR14319-20-150-page-049_20.jpg,1224.jpg
test/UR14319-20-150-page-049_21.jpg,1225.jpg
test/UR14319-20-150-page-049_22.jpg,1226.jpg
test/UR14319-20-150-page-049_3.jpg,1227.jpg
test/UR14319-20-150-page-049_4.jpg,1228.jpg
test/UR14319-20-150-page-049_5.jpg,1229.jpg
test/UR14319-20-150-page-049_7.jpg,1230.jpg
test/UR14319-20-150-page-049_8.jpg,1231.jpg
test/UR5-100-500-page-015_1.jpg,1232.jpg
test/UR5-100-500-page-015_10.jpg,1233.jpg
test/UR5-100-500-page-015_11.jpg,1234.jpg
test/UR5-100-500-page-015_5.jpg,1235.jpg
test/UR5-100-500-page-015_6.jpg,1236.jpg
test/UR5-100-500-page-015_7.jpg,1237.jpg
test/UR5-100-500-page-015_8.jpg,1238.jpg
test/UR5-100-500-page-015_9.jpg,1239.jpg
test/UR5-100-500-page-016_10.jpg,1240.jpg
test/UR5-100-500-page-016_11.jpg,1241.jpg
test/UR5-100-500-page-016_13.jpg,1242.jpg
test/UR5-100-500-page-016_14.jpg,1243.jpg
test/UR5-100-500-page-016_15.jpg,1244.jpg
test/UR5-100-500-page-016_16.jpg,1245.jpg
test/UR5-100-500-page-016_17.jpg,1246.jpg
test/UR5-100-500-page-016_18.jpg,1247.jpg
test/UR5-100-500-page-016_19.jpg,1248.jpg
test/UR5-100-500-page-016_2.jpg,1249.jpg
test/UR5-100-500-page-016_20.jpg,1250.jpg
test/UR5-100-500-page-016_21.jpg,1251.jpg
test/UR5-100-500-page-016_3.jpg,1252.jpg
test/UR5-100-500-page-016_4.jpg,1253.jpg
test/UR5-100-500-page-016_5.jpg,1254.jpg
test/UR5-100-500-page-016_7.jpg,1255.jpg
test/UR5-100-500-page-016_8.jpg,1256.jpg
test/UR5-100-500-page-017_10.jpg,1257.jpg
test/UR5-100-500-page-017_11.jpg,1258.jpg
test/UR5-100-500-page-017_12.jpg,1259.jpg
test/UR5-100-500-page-017_13.jpg,1260.jpg
test/UR5-100-500-page-017_14.jpg,1261.jpg
test/UR5-100-500-page-017_15.jpg,1262.jpg
test/UR5-100-500-page-017_16.jpg,1263.jpg
test/UR5-100-500-page-017_17.jpg,1264.jpg
test/UR5-100-500-page-017_18.jpg,1265.jpg
test/UR5-100-500-page-017_19.jpg,1266.jpg
test/UR5-100-500-page-017_2.jpg,1267.jpg
test/UR5-100-500-page-017_20.jpg,1268.jpg
test/UR5-100-500-page-017_21.jpg,1269.jpg
test/UR5-100-500-page-017_4.jpg,1270.jpg
test/UR5-100-500-page-017_5.jpg,1271.jpg
test/UR5-100-500-page-017_6.jpg,1272.jpg
test/UR5-100-500-page-017_7.jpg,1273.jpg
test/UR5-100-500-page-017_8.jpg,1274.jpg
test/UR5-100-500-page-017_9.jpg,1275.jpg
test/UR5-100-500-page-018_10.jpg,1276.jpg
test/UR5-100-500-page-018_12.jpg,1277.jpg
test/UR5-100-500-page-018_13.jpg,1278.jpg
test/UR5-100-500-page-018_14.jpg,1279.jpg
test/UR5-100-500-page-018_3.jpg,1280.jpg
test/UR5-100-500-page-018_5.jpg,1281.jpg
test/UR5-100-500-page-018_6.jpg,1282.jpg
test/UR5-100-500-page-018_7.jpg,1283.jpg
test/UR5-100-500-page-018_8.jpg,1284.jpg
test/UR5-100-500-page-018_9.jpg,1285.jpg
test/UR5-100-500-page-019_1.jpg,1286.jpg
test/UR5-100-500-page-019_10.jpg,1287.jpg
test/UR5-100-500-page-019_11.jpg,1288.jpg
test/UR5-100-500-page-019_12.jpg,1289.jpg
test/UR5-100-500-page-019_15.jpg,1290.jpg
test/UR5-100-500-page-019_2.jpg,1291.jpg
test/UR5-100-500-page-019_3.jpg,1292.jpg
test/UR5-100-500-page-019_4.jpg,1293.jpg
test/UR5-100-500-page-019_5.jpg,1294.jpg
test/UR5-100-500-page-019_6.jpg,1295.jpg
test/UR5-100-500-page-019_7.jpg,1296.jpg
test/UR5-100-500-page-019_8.jpg,1297.jpg
test/UR5-100-500-page-019_9.jpg,1298.jpg
test/UR5-100-500-page-020_10.jpg,1299.jpg
test/UR5-100-500-page-020_11.jpg,1300.jpg
test/UR5-100-500-page-020_12.jpg,1301.jpg
test/UR5-100-500-page-020_13.jpg,1302.jpg
test/UR5-100-500-page-020_14.jpg,1303.jpg
test/UR5-100-500-page-020_16.jpg,1304.jpg
test/UR5-100-500-page-020_17.jpg,1305.jpg
test/UR5-100-500-page-020_18.jpg,1306.jpg
test/UR5-100-500-page-020_2.jpg,1307.jpg
test/UR5-100-500-page-020_3.jpg,1308.jpg
test/UR5-100-500-page-020_4.jpg,1309.jpg
test/UR5-100-500-page-020_5.jpg,1310.jpg
test/UR5-100-500-page-020_6.jpg,1311.jpg
test/UR5-100-500-page-020_7.jpg,1312.jpg
test/UR5-100-500-page-020_8.jpg,1313.jpg
test/UR5-100-500-page-020_9.jpg,1314.jpg
test/UR5-100-500-page-021_10.jpg,1315.jpg
test/UR5-100-500-page-021_11.jpg,1316.jpg
test/UR5-100-500-page-021_12.jpg,1317.jpg
test/UR5-100-500-page-021_13.jpg,1318.jpg
test/UR5-100-500-page-021_14.jpg,1319.jpg
test/UR5-100-500-page-021_15.jpg,1320.jpg
test/UR5-100-500-page-021_16.jpg,1321.jpg
test/UR5-100-500-page-021_17.jpg,1322.jpg
test/UR5-100-500-page-021_18.jpg,1323.jpg
test/UR5-100-500-page-021_19.jpg,1324.jpg
test/UR5-100-500-page-021_2.jpg,1325.jpg
test/UR5-100-500-page-021_4.jpg,1326.jpg
test/UR5-100-500-page-021_5.jpg,1327.jpg
test/UR5-100-500-page-021_7.jpg,1328.jpg
test/UR5-100-500-page-021_8.jpg,1329.jpg
test/UR5-100-500-page-021_9.jpg,1330.jpg
test/UR5-100-500-page-022_11.jpg,1331.jpg
test/UR5-100-500-page-022_13.jpg,1332.jpg
test/UR5-100-500-page-022_14.jpg,1333.jpg
test/UR5-100-500-page-022_15.jpg,1334.jpg
test/UR5-100-500-page-022_17.jpg,1335.jpg
test/UR5-100-500-page-022_18.jpg,1336.jpg
test/UR5-100-500-page-022_19.jpg,1337.jpg
test/UR5-100-500-page-022_2.jpg,1338.jpg
test/UR5-100-500-page-022_5.jpg,1339.jpg
test/UR5-100-500-page-022_6.jpg,1340.jpg
test/UR5-100-500-page-022_7.jpg,1341.jpg
test/UR5-100-500-page-022_9.jpg,1342.jpg
test/UR5-100-500-page-023_1.jpg,1343.jpg
test/UR5-100-500-page-023_11.jpg,1344.jpg
test/UR5-100-500-page-023_15.jpg,1345.jpg
test/UR5-100-500-page-023_16.jpg,1346.jpg
test/UR5-100-500-page-023_17.jpg,1347.jpg
test/UR5-100-500-page-023_18.jpg,1348.jpg
test/UR5-100-500-page-023_2.jpg,1349.jpg
test/UR5-100-500-page-023_4.jpg,1350.jpg
test/UR5-100-500-page-023_6.jpg,1351.jpg
test/UR5-100-500-page-023_7.jpg,1352.jpg
test/UR5-100-500-page-023_8.jpg,1353.jpg
test/UR5-100-500-page-023_9.jpg,1354.jpg
test/UR5-100-500-page-024_10.jpg,1355.jpg
test/UR5-100-500-page-024_11.jpg,1356.jpg
test/UR5-100-500-page-024_12.jpg,1357.jpg
test/UR5-100-500-page-024_13.jpg,1358.jpg
test/UR5-100-500-page-024_14.jpg,1359.jpg
test/UR5-100-500-page-024_15.jpg,1360.jpg
test/UR5-100-500-page-024_16.jpg,1361.jpg
test/UR5-100-500-page-024_17.jpg,1362.jpg
test/UR5-100-500-page-024_4.jpg,1363.jpg
test/UR5-100-500-page-024_5.jpg,1364.jpg
test/UR5-100-500-page-024_6.jpg,1365.jpg
test/UR5-100-500-page-024_7.jpg,1366.jpg
test/UR5-100-500-page-024_9.jpg,1367.jpg
test/UR5-100-500-page-025_1.jpg,1368.jpg
test/UR5-100-500-page-025_2.jpg,1369.jpg
test/UR5-100-500-page-025_3.jpg,1370.jpg
test/UR5-100-500-page-025_4.jpg,1371.jpg
test/UR5-100-500-page-025_5.jpg,1372.jpg
test/UR5-100-500-page-026_1.jpg,1373.jpg
test/UR5-100-500-page-026_10.jpg,1374.jpg
test/UR5-100-500-page-026_12.jpg,1375.jpg
test/UR5-100-500-page-026_13.jpg,1376.jpg
test/UR5-100-500-page-026_14.jpg,1377.jpg
test/UR5-100-500-page-026_15.jpg,1378.jpg
test/UR5-100-500-page-026_2.jpg,1379.jpg
test/UR5-100-500-page-026_3.jpg,1380.jpg
test/UR5-100-500-page-026_4.jpg,1381.jpg
test/UR5-100-500-page-026_5.jpg,1382.jpg
test/UR5-100-500-page-026_6.jpg,1383.jpg
test/UR5-100-500-page-026_7.jpg,1384.jpg
test/UR5-100-500-page-026_8.jpg,1385.jpg
test/UR5-100-500-page-026_9.jpg,1386.jpg
test/UR5-100-500-page-027_10.jpg,1387.jpg
test/UR5-100-500-page-027_11.jpg,1388.jpg
test/UR5-100-500-page-027_12.jpg,1389.jpg
test/UR5-100-500-page-027_13.jpg,1390.jpg
test/UR5-100-500-page-027_14.jpg,1391.jpg
test/UR5-100-500-page-027_15.jpg,1392.jpg
test/UR5-100-500-page-027_16.jpg,1393.jpg
test/UR5-100-500-page-027_18.jpg,1394.jpg
test/UR5-100-500-page-027_19.jpg,1395.jpg
test/UR5-100-500-page-027_2.jpg,1396.jpg
test/UR5-100-500-page-027_20.jpg,1397.jpg
test/UR5-100-500-page-027_21.jpg,1398.jpg
test/UR5-100-500-page-027_3.jpg,1399.jpg
test/UR5-100-500-page-027_5.jpg,1400.jpg
test/UR5-100-500-page-027_6.jpg,1401.jpg
test/UR5-100-500-page-027_7.jpg,1402.jpg
test/UR5-100-500-page-027_9.jpg,1403.jpg
test/UR5-100-500-page-028_10.jpg,1404.jpg
test/UR5-100-500-page-028_14.jpg,1405.jpg
test/UR5-100-500-page-028_15.jpg,1406.jpg
test/UR5-100-500-page-028_16.jpg,1407.jpg
test/UR5-100-500-page-028_17.jpg,1408.jpg
test/UR5-100-500-page-028_18.jpg,1409.jpg
test/UR5-100-500-page-028_2.jpg,1410.jpg
test/UR5-100-500-page-028_3.jpg,1411.jpg
test/UR5-100-500-page-028_4.jpg,1412.jpg
test/UR5-100-500-page-028_5.jpg,1413.jpg
test/UR5-100-500-page-028_6.jpg,1414.jpg
test/UR5-100-500-page-028_7.jpg,1415.jpg
test/UR5-100-500-page-028_8.jpg,1416.jpg
test/UR5-100-500-page-028_9.jpg,1417.jpg
test/UR5-100-500-page-032_1.jpg,1418.jpg
test/UR5-100-500-page-032_10.jpg,1419.jpg
test/UR5-100-500-page-032_11.jpg,1420.jpg
test/UR5-100-500-page-032_12.jpg,1421.jpg
test/UR5-100-500-page-032_13.jpg,1422.jpg
test/UR5-100-500-page-032_14.jpg,1423.jpg
test/UR5-100-500-page-032_15.jpg,1424.jpg
test/UR5-100-500-page-032_16.jpg,1425.jpg
test/UR5-100-500-page-032_17.jpg,1426.jpg
test/UR5-100-500-page-032_18.jpg,1427.jpg
test/UR5-100-500-page-032_19.jpg,1428.jpg
test/UR5-100-500-page-032_2.jpg,1429.jpg
test/UR5-100-500-page-032_20.jpg,1430.jpg
test/UR5-100-500-page-032_21.jpg,1431.jpg
test/UR5-100-500-page-032_22.jpg,1432.jpg
test/UR5-100-500-page-032_24.jpg,1433.jpg
test/UR5-100-500-page-032_25.jpg,1434.jpg
test/UR5-100-500-page-032_26.jpg,1435.jpg
test/UR5-100-500-page-032_27.jpg,1436.jpg
test/UR5-100-500-page-032_28.jpg,1437.jpg
test/UR5-100-500-page-032_29.jpg,1438.jpg
test/UR5-100-500-page-032_3.jpg,1439.jpg
test/UR5-100-500-page-032_30.jpg,1440.jpg
test/UR5-100-500-page-032_4.jpg,1441.jpg
test/UR5-100-500-page-032_5.jpg,1442.jpg
test/UR5-100-500-page-032_6.jpg,1443.jpg
test/UR5-100-500-page-032_7.jpg,1444.jpg
test/UR5-100-500-page-032_9.jpg,1445.jpg
test/UR5-100-500-page-033_11.jpg,1446.jpg
test/UR5-100-500-page-033_12.jpg,1447.jpg
test/UR5-100-500-page-033_13.jpg,1448.jpg
test/UR5-100-500-page-033_14.jpg,1449.jpg
test/UR5-100-500-page-033_15.jpg,1450.jpg
test/UR5-100-500-page-033_16.jpg,1451.jpg
test/UR5-100-500-page-033_2.jpg,1452.jpg
test/UR5-100-500-page-033_3.jpg,1453.jpg
test/UR5-100-500-page-033_4.jpg,1454.jpg
test/UR5-100-500-page-033_5.jpg,1455.jpg
test/UR5-100-500-page-033_7.jpg,1456.jpg
test/UR5-100-500-page-033_8.jpg,1457.jpg
test/UR5-100-500-page-033_9.jpg,1458.jpg
test/UR5-100-500-page-034_1.jpg,1459.jpg
test/UR5-100-500-page-034_10.jpg,1460.jpg
test/UR5-100-500-page-034_11.jpg,1461.jpg
test/UR5-100-500-page-034_12.jpg,1462.jpg
test/UR5-100-500-page-034_2.jpg,1463.jpg
test/UR5-100-500-page-034_3.jpg,1464.jpg
test/UR5-100-500-page-034_4.jpg,1465.jpg
test/UR5-100-500-page-034_5.jpg,1466.jpg
test/UR5-100-500-page-034_6.jpg,1467.jpg
test/UR5-100-500-page-034_7.jpg,1468.jpg
test/UR5-100-500-page-034_8.jpg,1469.jpg
test/UR5-100-500-page-034_9.jpg,1470.jpg
test/UR5-100-500-page-035_10.jpg,1471.jpg
test/UR5-100-500-page-035_11.jpg,1472.jpg
test/UR5-100-500-page-035_12.jpg,1473.jpg
test/UR5-100-500-page-035_13.jpg,1474.jpg
test/UR5-100-500-page-035_14.jpg,1475.jpg
test/UR5-100-500-page-035_15.jpg,1476.jpg
test/UR5-100-500-page-035_16.jpg,1477.jpg
test/UR5-100-500-page-035_17.jpg,1478.jpg
test/UR5-100-500-page-035_18.jpg,1479.jpg
test/UR5-100-500-page-035_2.jpg,1480.jpg
test/UR5-100-500-page-035_3.jpg,1481.jpg
test/UR5-100-500-page-035_4.jpg,1482.jpg
test/UR5-100-500-page-035_6.jpg,1483.jpg
test/UR5-100-500-page-035_7.jpg,1484.jpg
test/UR5-100-500-page-035_9.jpg,1485.jpg
test/UR5-100-500-page-036_1.jpg,1486.jpg
test/UR5-100-500-page-036_10.jpg,1487.jpg
test/UR5-100-500-page-036_11.jpg,1488.jpg
test/UR5-100-500-page-036_12.jpg,1489.jpg
test/UR5-100-500-page-036_4.jpg,1490.jpg
test/UR5-100-500-page-036_6.jpg,1491.jpg
test/UR5-100-500-page-036_7.jpg,1492.jpg
test/UR5-100-500-page-036_8.jpg,1493.jpg
test/UR5-100-500-page-036_9.jpg,1494.jpg
test/UR5-100-500-page-037_10.jpg,1495.jpg
test/UR5-100-500-page-037_11.jpg,1496.jpg
test/UR5-100-500-page-037_13.jpg,1497.jpg
test/UR5-100-500-page-037_14.jpg,1498.jpg
test/UR5-100-500-page-037_15.jpg,1499.jpg
test/UR5-100-500-page-037_16.jpg,1500.jpg
test/UR5-100-500-page-037_17.jpg,1501.jpg
test/UR5-100-500-page-037_18.jpg,1502.jpg
test/UR5-100-500-page-037_19.jpg,1503.jpg
test/UR5-100-500-page-037_2.jpg,1504.jpg
test/UR5-100-500-page-037_20.jpg,1505.jpg
test/UR5-100-500-page-037_21.jpg,1506.jpg
test/UR5-100-500-page-037_5.jpg,1507.jpg
test/UR5-100-500-page-037_6.jpg,1508.jpg
test/UR5-100-500-page-037_7.jpg,1509.jpg
test/UR5-100-500-page-037_8.jpg,1510.jpg
test/UR5-100-500-page-037_9.jpg,1511.jpg
test/UR5-100-500-page-038_10.jpg,1512.jpg
test/UR5-100-500-page-038_11.jpg,1513.jpg
test/UR5-100-500-page-038_12.jpg,1514.jpg
test/UR5-100-500-page-038_13.jpg,1515.jpg
test/UR5-100-500-page-038_14.jpg,1516.jpg
test/UR5-100-500-page-038_15.jpg,1517.jpg
test/UR5-100-500-page-038_16.jpg,1518.jpg
test/UR5-100-500-page-038_17.jpg,1519.jpg
test/UR5-100-500-page-038_2.jpg,1520.jpg
test/UR5-100-500-page-038_3.jpg,1521.jpg
test/UR5-100-500-page-038_4.jpg,1522.jpg
test/UR5-100-500-page-038_5.jpg,1523.jpg
test/UR5-100-500-page-038_6.jpg,1524.jpg
test/UR5-100-500-page-038_7.jpg,1525.jpg
test/UR5-100-500-page-038_8.jpg,1526.jpg
test/UR5-100-500-page-038_9.jpg,1527.jpg
test/UR5-100-500-page-039_1.jpg,1528.jpg
test/UR5-100-500-page-039_10.jpg,1529.jpg
test/UR5-100-500-page-039_11.jpg,1530.jpg
test/UR5-100-500-page-039_12.jpg,1531.jpg
test/UR5-100-500-page-039_13.jpg,1532.jpg
test/UR5-100-500-page-039_14.jpg,1533.jpg
test/UR5-100-500-page-039_16.jpg,1534.jpg
test/UR5-100-500-page-039_17.jpg,1535.jpg
test/UR5-100-500-page-039_18.jpg,1536.jpg
test/UR5-100-500-page-039_19.jpg,1537.jpg
test/UR5-100-500-page-039_2.jpg,1538.jpg
test/UR5-100-500-page-039_3.jpg,1539.jpg
test/UR5-100-500-page-039_4.jpg,1540.jpg
test/UR5-100-500-page-039_5.jpg,1541.jpg
test/UR5-100-500-page-039_6.jpg,1542.jpg
test/UR5-100-500-page-039_7.jpg,1543.jpg
test/UR5-100-500-page-039_8.jpg,1544.jpg
test/UR5-100-500-page-039_9.jpg,1545.jpg
test/UR5-100-500-page-043_10.jpg,1546.jpg
test/UR5-100-500-page-043_11.jpg,1547.jpg
test/UR5-100-500-page-043_12.jpg,1548.jpg
test/UR5-100-500-page-043_13.jpg,1549.jpg
test/UR5-100-500-page-043_15.jpg,1550.jpg
test/UR5-100-500-page-043_17.jpg,1551.jpg
test/UR5-100-500-page-043_2.jpg,1552.jpg
test/UR5-100-500-page-043_4.jpg,1553.jpg
test/UR5-100-500-page-043_5.jpg,1554.jpg
test/UR5-100-500-page-043_6.jpg,1555.jpg
test/UR5-100-500-page-043_7.jpg,1556.jpg
test/UR5-100-500-page-043_8.jpg,1557.jpg
test/UR5-100-500-page-044_11.jpg,1558.jpg
test/UR5-100-500-page-044_13.jpg,1559.jpg
test/UR5-100-500-page-044_14.jpg,1560.jpg
test/UR5-100-500-page-044_15.jpg,1561.jpg
test/UR5-100-500-page-044_16.jpg,1562.jpg
test/UR5-100-500-page-044_17.jpg,1563.jpg
test/UR5-100-500-page-044_18.jpg,1564.jpg
test/UR5-100-500-page-044_19.jpg,1565.jpg
test/UR5-100-500-page-044_2.jpg,1566.jpg
test/UR5-100-500-page-044_3.jpg,1567.jpg
test/UR5-100-500-page-044_5.jpg,1568.jpg
test/UR5-100-500-page-044_6.jpg,1569.jpg
test/UR5-100-500-page-044_7.jpg,1570.jpg
test/UR5-100-500-page-044_8.jpg,1571.jpg
test/UR5-100-500-page-044_9.jpg,1572.jpg
test/UR5-100-500-page-045_10.jpg,1573.jpg
test/UR5-100-500-page-045_12.jpg,1574.jpg
test/UR5-100-500-page-045_2.jpg,1575.jpg
test/UR5-100-500-page-045_21.jpg,1576.jpg
test/UR5-100-500-page-045_5.jpg,1577.jpg
test/UR5-100-500-page-045_6.jpg,1578.jpg
test/UR5-100-500-page-045_7.jpg,1579.jpg
test/UR5-100-500-page-046_12.jpg,1580.jpg
test/UR5-100-500-page-046_13.jpg,1581.jpg
test/UR5-100-500-page-046_14.jpg,1582.jpg
test/UR5-100-500-page-046_15.jpg,1583.jpg
test/UR5-100-500-page-046_16.jpg,1584.jpg
test/UR5-100-500-page-046_18.jpg,1585.jpg
test/UR5-100-500-page-046_19.jpg,1586.jpg
test/UR5-100-500-page-046_2.jpg,1587.jpg
test/UR5-100-500-page-046_3.jpg,1588.jpg
test/UR5-100-500-page-046_5.jpg,1589.jpg
test/UR5-100-500-page-046_6.jpg,1590.jpg
test/UR5-100-500-page-046_7.jpg,1591.jpg
test/UR5-100-500-page-046_8.jpg,1592.jpg
test/UR5-100-500-page-046_9.jpg,1593.jpg
